#
# TABLE STRUCTURE FOR: communities
#

DROP TABLE IF EXISTS `communities`;

CREATE TABLE `communities` (
  `id` int(10) unsigned NOT NULL AUTO_INCREMENT,
  `name` varchar(150) COLLATE utf8_unicode_ci NOT NULL,
  PRIMARY KEY (`id`),
  UNIQUE KEY `name` (`name`)
) ENGINE=InnoDB AUTO_INCREMENT=101 DEFAULT CHARSET=utf8 COLLATE=utf8_unicode_ci;

INSERT INTO `communities` (`id`, `name`) VALUES (39, 'accusamus');
INSERT INTO `communities` (`id`, `name`) VALUES (44, 'accusantium');
INSERT INTO `communities` (`id`, `name`) VALUES (38, 'adipisci');
INSERT INTO `communities` (`id`, `name`) VALUES (51, 'aliquam');
INSERT INTO `communities` (`id`, `name`) VALUES (86, 'aperiam');
INSERT INTO `communities` (`id`, `name`) VALUES (6, 'assumenda');
INSERT INTO `communities` (`id`, `name`) VALUES (22, 'aut');
INSERT INTO `communities` (`id`, `name`) VALUES (21, 'autem');
INSERT INTO `communities` (`id`, `name`) VALUES (50, 'blanditiis');
INSERT INTO `communities` (`id`, `name`) VALUES (64, 'commodi');
INSERT INTO `communities` (`id`, `name`) VALUES (14, 'consequatur');
INSERT INTO `communities` (`id`, `name`) VALUES (10, 'consequuntur');
INSERT INTO `communities` (`id`, `name`) VALUES (94, 'culpa');
INSERT INTO `communities` (`id`, `name`) VALUES (73, 'cum');
INSERT INTO `communities` (`id`, `name`) VALUES (55, 'cumque');
INSERT INTO `communities` (`id`, `name`) VALUES (70, 'cupiditate');
INSERT INTO `communities` (`id`, `name`) VALUES (30, 'debitis');
INSERT INTO `communities` (`id`, `name`) VALUES (43, 'delectus');
INSERT INTO `communities` (`id`, `name`) VALUES (11, 'dolor');
INSERT INTO `communities` (`id`, `name`) VALUES (5, 'dolores');
INSERT INTO `communities` (`id`, `name`) VALUES (27, 'ea');
INSERT INTO `communities` (`id`, `name`) VALUES (98, 'earum');
INSERT INTO `communities` (`id`, `name`) VALUES (49, 'eius');
INSERT INTO `communities` (`id`, `name`) VALUES (77, 'eligendi');
INSERT INTO `communities` (`id`, `name`) VALUES (36, 'eos');
INSERT INTO `communities` (`id`, `name`) VALUES (76, 'error');
INSERT INTO `communities` (`id`, `name`) VALUES (60, 'est');
INSERT INTO `communities` (`id`, `name`) VALUES (3, 'et');
INSERT INTO `communities` (`id`, `name`) VALUES (63, 'eveniet');
INSERT INTO `communities` (`id`, `name`) VALUES (31, 'ex');
INSERT INTO `communities` (`id`, `name`) VALUES (23, 'facere');
INSERT INTO `communities` (`id`, `name`) VALUES (68, 'facilis');
INSERT INTO `communities` (`id`, `name`) VALUES (16, 'fugiat');
INSERT INTO `communities` (`id`, `name`) VALUES (79, 'id');
INSERT INTO `communities` (`id`, `name`) VALUES (100, 'illo');
INSERT INTO `communities` (`id`, `name`) VALUES (81, 'impedit');
INSERT INTO `communities` (`id`, `name`) VALUES (13, 'in');
INSERT INTO `communities` (`id`, `name`) VALUES (53, 'incidunt');
INSERT INTO `communities` (`id`, `name`) VALUES (58, 'inventore');
INSERT INTO `communities` (`id`, `name`) VALUES (83, 'ipsa');
INSERT INTO `communities` (`id`, `name`) VALUES (52, 'ipsum');
INSERT INTO `communities` (`id`, `name`) VALUES (28, 'itaque');
INSERT INTO `communities` (`id`, `name`) VALUES (35, 'iusto');
INSERT INTO `communities` (`id`, `name`) VALUES (37, 'labore');
INSERT INTO `communities` (`id`, `name`) VALUES (84, 'laboriosam');
INSERT INTO `communities` (`id`, `name`) VALUES (61, 'laborum');
INSERT INTO `communities` (`id`, `name`) VALUES (82, 'maiores');
INSERT INTO `communities` (`id`, `name`) VALUES (99, 'minima');
INSERT INTO `communities` (`id`, `name`) VALUES (91, 'minus');
INSERT INTO `communities` (`id`, `name`) VALUES (29, 'modi');
INSERT INTO `communities` (`id`, `name`) VALUES (20, 'molestiae');
INSERT INTO `communities` (`id`, `name`) VALUES (57, 'molestias');
INSERT INTO `communities` (`id`, `name`) VALUES (88, 'mollitia');
INSERT INTO `communities` (`id`, `name`) VALUES (89, 'necessitatibus');
INSERT INTO `communities` (`id`, `name`) VALUES (71, 'nesciunt');
INSERT INTO `communities` (`id`, `name`) VALUES (54, 'nihil');
INSERT INTO `communities` (`id`, `name`) VALUES (92, 'nisi');
INSERT INTO `communities` (`id`, `name`) VALUES (15, 'non');
INSERT INTO `communities` (`id`, `name`) VALUES (45, 'nostrum');
INSERT INTO `communities` (`id`, `name`) VALUES (87, 'numquam');
INSERT INTO `communities` (`id`, `name`) VALUES (48, 'occaecati');
INSERT INTO `communities` (`id`, `name`) VALUES (25, 'omnis');
INSERT INTO `communities` (`id`, `name`) VALUES (1, 'pariatur');
INSERT INTO `communities` (`id`, `name`) VALUES (7, 'perferendis');
INSERT INTO `communities` (`id`, `name`) VALUES (33, 'placeat');
INSERT INTO `communities` (`id`, `name`) VALUES (34, 'porro');
INSERT INTO `communities` (`id`, `name`) VALUES (65, 'provident');
INSERT INTO `communities` (`id`, `name`) VALUES (12, 'quae');
INSERT INTO `communities` (`id`, `name`) VALUES (74, 'quam');
INSERT INTO `communities` (`id`, `name`) VALUES (69, 'quasi');
INSERT INTO `communities` (`id`, `name`) VALUES (32, 'qui');
INSERT INTO `communities` (`id`, `name`) VALUES (8, 'quia');
INSERT INTO `communities` (`id`, `name`) VALUES (46, 'quibusdam');
INSERT INTO `communities` (`id`, `name`) VALUES (19, 'quis');
INSERT INTO `communities` (`id`, `name`) VALUES (42, 'quisquam');
INSERT INTO `communities` (`id`, `name`) VALUES (41, 'quod');
INSERT INTO `communities` (`id`, `name`) VALUES (47, 'quos');
INSERT INTO `communities` (`id`, `name`) VALUES (56, 'recusandae');
INSERT INTO `communities` (`id`, `name`) VALUES (59, 'repellat');
INSERT INTO `communities` (`id`, `name`) VALUES (18, 'reprehenderit');
INSERT INTO `communities` (`id`, `name`) VALUES (90, 'repudiandae');
INSERT INTO `communities` (`id`, `name`) VALUES (40, 'rerum');
INSERT INTO `communities` (`id`, `name`) VALUES (96, 'sapiente');
INSERT INTO `communities` (`id`, `name`) VALUES (17, 'sed');
INSERT INTO `communities` (`id`, `name`) VALUES (80, 'sequi');
INSERT INTO `communities` (`id`, `name`) VALUES (85, 'sit');
INSERT INTO `communities` (`id`, `name`) VALUES (78, 'soluta');
INSERT INTO `communities` (`id`, `name`) VALUES (66, 'suscipit');
INSERT INTO `communities` (`id`, `name`) VALUES (75, 'tempora');
INSERT INTO `communities` (`id`, `name`) VALUES (9, 'tempore');
INSERT INTO `communities` (`id`, `name`) VALUES (72, 'temporibus');
INSERT INTO `communities` (`id`, `name`) VALUES (97, 'ullam');
INSERT INTO `communities` (`id`, `name`) VALUES (2, 'ut');
INSERT INTO `communities` (`id`, `name`) VALUES (24, 'vel');
INSERT INTO `communities` (`id`, `name`) VALUES (26, 'veniam');
INSERT INTO `communities` (`id`, `name`) VALUES (67, 'voluptas');
INSERT INTO `communities` (`id`, `name`) VALUES (93, 'voluptate');
INSERT INTO `communities` (`id`, `name`) VALUES (4, 'voluptatem');
INSERT INTO `communities` (`id`, `name`) VALUES (62, 'voluptates');
INSERT INTO `communities` (`id`, `name`) VALUES (95, 'voluptatibus');


#
# TABLE STRUCTURE FOR: communities_users
#

DROP TABLE IF EXISTS `communities_users`;

CREATE TABLE `communities_users` (
  `community_id` int(10) unsigned NOT NULL,
  `user_id` int(10) unsigned NOT NULL,
  PRIMARY KEY (`community_id`,`user_id`)
) ENGINE=InnoDB DEFAULT CHARSET=utf8 COLLATE=utf8_unicode_ci;

INSERT INTO `communities_users` (`community_id`, `user_id`) VALUES (1, 33);
INSERT INTO `communities_users` (`community_id`, `user_id`) VALUES (1, 43);
INSERT INTO `communities_users` (`community_id`, `user_id`) VALUES (1, 89);
INSERT INTO `communities_users` (`community_id`, `user_id`) VALUES (2, 23);
INSERT INTO `communities_users` (`community_id`, `user_id`) VALUES (2, 34);
INSERT INTO `communities_users` (`community_id`, `user_id`) VALUES (2, 69);
INSERT INTO `communities_users` (`community_id`, `user_id`) VALUES (3, 99);
INSERT INTO `communities_users` (`community_id`, `user_id`) VALUES (6, 58);
INSERT INTO `communities_users` (`community_id`, `user_id`) VALUES (6, 69);
INSERT INTO `communities_users` (`community_id`, `user_id`) VALUES (7, 15);
INSERT INTO `communities_users` (`community_id`, `user_id`) VALUES (9, 39);
INSERT INTO `communities_users` (`community_id`, `user_id`) VALUES (9, 88);
INSERT INTO `communities_users` (`community_id`, `user_id`) VALUES (11, 21);
INSERT INTO `communities_users` (`community_id`, `user_id`) VALUES (13, 23);
INSERT INTO `communities_users` (`community_id`, `user_id`) VALUES (14, 81);
INSERT INTO `communities_users` (`community_id`, `user_id`) VALUES (15, 45);
INSERT INTO `communities_users` (`community_id`, `user_id`) VALUES (15, 84);
INSERT INTO `communities_users` (`community_id`, `user_id`) VALUES (16, 1);
INSERT INTO `communities_users` (`community_id`, `user_id`) VALUES (16, 61);
INSERT INTO `communities_users` (`community_id`, `user_id`) VALUES (16, 82);
INSERT INTO `communities_users` (`community_id`, `user_id`) VALUES (19, 14);
INSERT INTO `communities_users` (`community_id`, `user_id`) VALUES (19, 20);
INSERT INTO `communities_users` (`community_id`, `user_id`) VALUES (21, 2);
INSERT INTO `communities_users` (`community_id`, `user_id`) VALUES (22, 36);
INSERT INTO `communities_users` (`community_id`, `user_id`) VALUES (22, 86);
INSERT INTO `communities_users` (`community_id`, `user_id`) VALUES (24, 28);
INSERT INTO `communities_users` (`community_id`, `user_id`) VALUES (25, 5);
INSERT INTO `communities_users` (`community_id`, `user_id`) VALUES (25, 48);
INSERT INTO `communities_users` (`community_id`, `user_id`) VALUES (27, 19);
INSERT INTO `communities_users` (`community_id`, `user_id`) VALUES (27, 48);
INSERT INTO `communities_users` (`community_id`, `user_id`) VALUES (27, 82);
INSERT INTO `communities_users` (`community_id`, `user_id`) VALUES (29, 19);
INSERT INTO `communities_users` (`community_id`, `user_id`) VALUES (29, 76);
INSERT INTO `communities_users` (`community_id`, `user_id`) VALUES (31, 94);
INSERT INTO `communities_users` (`community_id`, `user_id`) VALUES (32, 14);
INSERT INTO `communities_users` (`community_id`, `user_id`) VALUES (32, 97);
INSERT INTO `communities_users` (`community_id`, `user_id`) VALUES (33, 49);
INSERT INTO `communities_users` (`community_id`, `user_id`) VALUES (33, 91);
INSERT INTO `communities_users` (`community_id`, `user_id`) VALUES (37, 11);
INSERT INTO `communities_users` (`community_id`, `user_id`) VALUES (37, 22);
INSERT INTO `communities_users` (`community_id`, `user_id`) VALUES (38, 28);
INSERT INTO `communities_users` (`community_id`, `user_id`) VALUES (40, 47);
INSERT INTO `communities_users` (`community_id`, `user_id`) VALUES (41, 30);
INSERT INTO `communities_users` (`community_id`, `user_id`) VALUES (43, 23);
INSERT INTO `communities_users` (`community_id`, `user_id`) VALUES (45, 20);
INSERT INTO `communities_users` (`community_id`, `user_id`) VALUES (45, 80);
INSERT INTO `communities_users` (`community_id`, `user_id`) VALUES (46, 59);
INSERT INTO `communities_users` (`community_id`, `user_id`) VALUES (46, 81);
INSERT INTO `communities_users` (`community_id`, `user_id`) VALUES (47, 3);
INSERT INTO `communities_users` (`community_id`, `user_id`) VALUES (49, 39);
INSERT INTO `communities_users` (`community_id`, `user_id`) VALUES (49, 98);
INSERT INTO `communities_users` (`community_id`, `user_id`) VALUES (50, 99);
INSERT INTO `communities_users` (`community_id`, `user_id`) VALUES (52, 49);
INSERT INTO `communities_users` (`community_id`, `user_id`) VALUES (53, 18);
INSERT INTO `communities_users` (`community_id`, `user_id`) VALUES (53, 21);
INSERT INTO `communities_users` (`community_id`, `user_id`) VALUES (53, 26);
INSERT INTO `communities_users` (`community_id`, `user_id`) VALUES (54, 48);
INSERT INTO `communities_users` (`community_id`, `user_id`) VALUES (54, 71);
INSERT INTO `communities_users` (`community_id`, `user_id`) VALUES (55, 51);
INSERT INTO `communities_users` (`community_id`, `user_id`) VALUES (56, 31);
INSERT INTO `communities_users` (`community_id`, `user_id`) VALUES (58, 24);
INSERT INTO `communities_users` (`community_id`, `user_id`) VALUES (59, 27);
INSERT INTO `communities_users` (`community_id`, `user_id`) VALUES (60, 28);
INSERT INTO `communities_users` (`community_id`, `user_id`) VALUES (62, 19);
INSERT INTO `communities_users` (`community_id`, `user_id`) VALUES (63, 13);
INSERT INTO `communities_users` (`community_id`, `user_id`) VALUES (66, 87);
INSERT INTO `communities_users` (`community_id`, `user_id`) VALUES (68, 1);
INSERT INTO `communities_users` (`community_id`, `user_id`) VALUES (68, 6);
INSERT INTO `communities_users` (`community_id`, `user_id`) VALUES (68, 30);
INSERT INTO `communities_users` (`community_id`, `user_id`) VALUES (68, 56);
INSERT INTO `communities_users` (`community_id`, `user_id`) VALUES (68, 92);
INSERT INTO `communities_users` (`community_id`, `user_id`) VALUES (68, 100);
INSERT INTO `communities_users` (`community_id`, `user_id`) VALUES (74, 4);
INSERT INTO `communities_users` (`community_id`, `user_id`) VALUES (74, 12);
INSERT INTO `communities_users` (`community_id`, `user_id`) VALUES (74, 16);
INSERT INTO `communities_users` (`community_id`, `user_id`) VALUES (75, 36);
INSERT INTO `communities_users` (`community_id`, `user_id`) VALUES (75, 89);
INSERT INTO `communities_users` (`community_id`, `user_id`) VALUES (77, 19);
INSERT INTO `communities_users` (`community_id`, `user_id`) VALUES (78, 65);
INSERT INTO `communities_users` (`community_id`, `user_id`) VALUES (79, 33);
INSERT INTO `communities_users` (`community_id`, `user_id`) VALUES (81, 20);
INSERT INTO `communities_users` (`community_id`, `user_id`) VALUES (81, 61);
INSERT INTO `communities_users` (`community_id`, `user_id`) VALUES (82, 31);
INSERT INTO `communities_users` (`community_id`, `user_id`) VALUES (83, 80);
INSERT INTO `communities_users` (`community_id`, `user_id`) VALUES (84, 83);
INSERT INTO `communities_users` (`community_id`, `user_id`) VALUES (85, 35);
INSERT INTO `communities_users` (`community_id`, `user_id`) VALUES (86, 44);
INSERT INTO `communities_users` (`community_id`, `user_id`) VALUES (87, 6);
INSERT INTO `communities_users` (`community_id`, `user_id`) VALUES (87, 55);
INSERT INTO `communities_users` (`community_id`, `user_id`) VALUES (88, 6);
INSERT INTO `communities_users` (`community_id`, `user_id`) VALUES (91, 6);
INSERT INTO `communities_users` (`community_id`, `user_id`) VALUES (91, 13);
INSERT INTO `communities_users` (`community_id`, `user_id`) VALUES (92, 52);
INSERT INTO `communities_users` (`community_id`, `user_id`) VALUES (93, 72);
INSERT INTO `communities_users` (`community_id`, `user_id`) VALUES (93, 86);
INSERT INTO `communities_users` (`community_id`, `user_id`) VALUES (94, 3);
INSERT INTO `communities_users` (`community_id`, `user_id`) VALUES (94, 27);
INSERT INTO `communities_users` (`community_id`, `user_id`) VALUES (97, 6);
INSERT INTO `communities_users` (`community_id`, `user_id`) VALUES (99, 80);
INSERT INTO `communities_users` (`community_id`, `user_id`) VALUES (99, 82);


#
# TABLE STRUCTURE FOR: friendship
#

DROP TABLE IF EXISTS `friendship`;

CREATE TABLE `friendship` (
  `user_id` int(10) unsigned NOT NULL,
  `friend_id` int(10) unsigned NOT NULL,
  `status_id` int(10) unsigned NOT NULL,
  `requested_at` datetime DEFAULT current_timestamp(),
  `confirmed_at` datetime DEFAULT NULL,
  PRIMARY KEY (`user_id`,`friend_id`)
) ENGINE=InnoDB DEFAULT CHARSET=utf8 COLLATE=utf8_unicode_ci;

INSERT INTO `friendship` (`user_id`, `friend_id`, `status_id`, `requested_at`, `confirmed_at`) VALUES (2, 46, 2, '2014-01-21 09:25:20', '2010-04-01 02:39:17');
INSERT INTO `friendship` (`user_id`, `friend_id`, `status_id`, `requested_at`, `confirmed_at`) VALUES (2, 76, 3, '2018-07-18 02:00:48', '2011-02-22 03:45:42');
INSERT INTO `friendship` (`user_id`, `friend_id`, `status_id`, `requested_at`, `confirmed_at`) VALUES (3, 13, 2, '2019-03-08 04:33:18', '2019-06-28 22:18:02');
INSERT INTO `friendship` (`user_id`, `friend_id`, `status_id`, `requested_at`, `confirmed_at`) VALUES (3, 38, 2, '2019-04-08 01:50:47', '2012-03-20 20:58:51');
INSERT INTO `friendship` (`user_id`, `friend_id`, `status_id`, `requested_at`, `confirmed_at`) VALUES (3, 45, 2, '2020-02-28 14:20:51', '2016-01-28 16:23:38');
INSERT INTO `friendship` (`user_id`, `friend_id`, `status_id`, `requested_at`, `confirmed_at`) VALUES (5, 30, 2, '2019-09-27 05:43:15', '2014-04-21 12:50:44');
INSERT INTO `friendship` (`user_id`, `friend_id`, `status_id`, `requested_at`, `confirmed_at`) VALUES (6, 56, 3, '2011-05-06 23:56:48', '2014-03-01 02:06:55');
INSERT INTO `friendship` (`user_id`, `friend_id`, `status_id`, `requested_at`, `confirmed_at`) VALUES (8, 7, 2, '2015-04-03 13:56:39', '2011-09-26 11:28:53');
INSERT INTO `friendship` (`user_id`, `friend_id`, `status_id`, `requested_at`, `confirmed_at`) VALUES (9, 29, 3, '2016-07-04 00:21:26', '2018-08-30 06:20:56');
INSERT INTO `friendship` (`user_id`, `friend_id`, `status_id`, `requested_at`, `confirmed_at`) VALUES (9, 49, 3, '2014-02-24 15:12:51', '2011-03-15 19:45:26');
INSERT INTO `friendship` (`user_id`, `friend_id`, `status_id`, `requested_at`, `confirmed_at`) VALUES (13, 1, 1, '2010-12-16 02:31:04', '2018-01-17 19:28:25');
INSERT INTO `friendship` (`user_id`, `friend_id`, `status_id`, `requested_at`, `confirmed_at`) VALUES (16, 24, 2, '2015-12-31 04:16:10', '2016-06-21 23:07:28');
INSERT INTO `friendship` (`user_id`, `friend_id`, `status_id`, `requested_at`, `confirmed_at`) VALUES (16, 94, 2, '2014-07-21 07:23:01', '2012-12-23 18:34:17');
INSERT INTO `friendship` (`user_id`, `friend_id`, `status_id`, `requested_at`, `confirmed_at`) VALUES (17, 80, 3, '2020-01-24 22:48:26', '2014-07-27 01:27:33');
INSERT INTO `friendship` (`user_id`, `friend_id`, `status_id`, `requested_at`, `confirmed_at`) VALUES (18, 52, 2, '2010-05-06 08:36:49', '2010-11-25 18:47:13');
INSERT INTO `friendship` (`user_id`, `friend_id`, `status_id`, `requested_at`, `confirmed_at`) VALUES (18, 86, 1, '2015-09-03 00:36:12', '2010-04-03 03:13:58');
INSERT INTO `friendship` (`user_id`, `friend_id`, `status_id`, `requested_at`, `confirmed_at`) VALUES (19, 56, 2, '2017-09-10 15:19:35', '2010-04-11 20:55:46');
INSERT INTO `friendship` (`user_id`, `friend_id`, `status_id`, `requested_at`, `confirmed_at`) VALUES (21, 57, 2, '2010-08-23 17:05:11', '2012-07-31 18:00:08');
INSERT INTO `friendship` (`user_id`, `friend_id`, `status_id`, `requested_at`, `confirmed_at`) VALUES (21, 67, 2, '2011-09-07 04:35:16', '2015-01-12 01:39:04');
INSERT INTO `friendship` (`user_id`, `friend_id`, `status_id`, `requested_at`, `confirmed_at`) VALUES (22, 1, 2, '2017-05-21 19:06:39', '2015-12-16 02:14:25');
INSERT INTO `friendship` (`user_id`, `friend_id`, `status_id`, `requested_at`, `confirmed_at`) VALUES (22, 39, 1, '2016-03-18 04:13:04', '2018-06-03 11:49:43');
INSERT INTO `friendship` (`user_id`, `friend_id`, `status_id`, `requested_at`, `confirmed_at`) VALUES (22, 81, 2, '2013-03-21 01:11:47', '2018-01-29 12:59:01');
INSERT INTO `friendship` (`user_id`, `friend_id`, `status_id`, `requested_at`, `confirmed_at`) VALUES (23, 21, 3, '2011-04-29 04:22:06', '2010-04-17 19:06:33');
INSERT INTO `friendship` (`user_id`, `friend_id`, `status_id`, `requested_at`, `confirmed_at`) VALUES (23, 29, 2, '2013-01-11 05:06:34', '2016-03-23 03:46:37');
INSERT INTO `friendship` (`user_id`, `friend_id`, `status_id`, `requested_at`, `confirmed_at`) VALUES (24, 50, 3, '2012-09-24 12:38:57', '2014-05-01 14:54:09');
INSERT INTO `friendship` (`user_id`, `friend_id`, `status_id`, `requested_at`, `confirmed_at`) VALUES (26, 63, 3, '2012-11-02 21:26:23', '2018-02-14 19:00:27');
INSERT INTO `friendship` (`user_id`, `friend_id`, `status_id`, `requested_at`, `confirmed_at`) VALUES (26, 68, 1, '2010-12-07 03:18:42', '2014-02-20 08:56:48');
INSERT INTO `friendship` (`user_id`, `friend_id`, `status_id`, `requested_at`, `confirmed_at`) VALUES (27, 48, 1, '2011-09-27 23:47:21', '2014-07-02 13:33:22');
INSERT INTO `friendship` (`user_id`, `friend_id`, `status_id`, `requested_at`, `confirmed_at`) VALUES (28, 32, 2, '2011-05-15 02:08:55', '2019-10-27 12:25:16');
INSERT INTO `friendship` (`user_id`, `friend_id`, `status_id`, `requested_at`, `confirmed_at`) VALUES (28, 37, 2, '2014-07-13 05:19:20', '2010-05-23 15:38:55');
INSERT INTO `friendship` (`user_id`, `friend_id`, `status_id`, `requested_at`, `confirmed_at`) VALUES (29, 58, 2, '2010-10-20 22:13:52', '2020-02-09 00:28:15');
INSERT INTO `friendship` (`user_id`, `friend_id`, `status_id`, `requested_at`, `confirmed_at`) VALUES (30, 68, 1, '2012-08-19 10:21:52', '2017-05-18 07:03:42');
INSERT INTO `friendship` (`user_id`, `friend_id`, `status_id`, `requested_at`, `confirmed_at`) VALUES (31, 1, 2, '2018-12-10 20:19:09', '2012-06-16 07:47:52');
INSERT INTO `friendship` (`user_id`, `friend_id`, `status_id`, `requested_at`, `confirmed_at`) VALUES (31, 36, 2, '2016-11-15 19:15:53', '2015-12-14 12:11:43');
INSERT INTO `friendship` (`user_id`, `friend_id`, `status_id`, `requested_at`, `confirmed_at`) VALUES (32, 86, 2, '2017-10-03 20:08:43', '2019-02-02 20:36:30');
INSERT INTO `friendship` (`user_id`, `friend_id`, `status_id`, `requested_at`, `confirmed_at`) VALUES (34, 99, 1, '2013-04-01 07:50:00', '2010-11-17 19:50:38');
INSERT INTO `friendship` (`user_id`, `friend_id`, `status_id`, `requested_at`, `confirmed_at`) VALUES (35, 80, 3, '2017-08-28 16:49:11', '2013-10-06 03:37:08');
INSERT INTO `friendship` (`user_id`, `friend_id`, `status_id`, `requested_at`, `confirmed_at`) VALUES (36, 49, 3, '2015-08-11 17:18:26', '2014-09-11 22:36:40');
INSERT INTO `friendship` (`user_id`, `friend_id`, `status_id`, `requested_at`, `confirmed_at`) VALUES (36, 58, 1, '2013-06-11 08:28:56', '2014-07-27 12:29:05');
INSERT INTO `friendship` (`user_id`, `friend_id`, `status_id`, `requested_at`, `confirmed_at`) VALUES (36, 91, 3, '2018-09-03 12:01:01', '2015-04-20 08:56:19');
INSERT INTO `friendship` (`user_id`, `friend_id`, `status_id`, `requested_at`, `confirmed_at`) VALUES (37, 19, 3, '2011-02-06 13:09:27', '2018-03-26 06:40:24');
INSERT INTO `friendship` (`user_id`, `friend_id`, `status_id`, `requested_at`, `confirmed_at`) VALUES (37, 68, 3, '2014-03-08 02:30:58', '2015-12-22 20:21:31');
INSERT INTO `friendship` (`user_id`, `friend_id`, `status_id`, `requested_at`, `confirmed_at`) VALUES (37, 100, 1, '2014-03-05 06:10:54', '2019-05-04 05:51:59');
INSERT INTO `friendship` (`user_id`, `friend_id`, `status_id`, `requested_at`, `confirmed_at`) VALUES (38, 6, 2, '2016-08-02 10:46:04', '2010-12-19 14:03:42');
INSERT INTO `friendship` (`user_id`, `friend_id`, `status_id`, `requested_at`, `confirmed_at`) VALUES (39, 27, 2, '2016-12-26 09:46:02', '2019-08-16 18:41:58');
INSERT INTO `friendship` (`user_id`, `friend_id`, `status_id`, `requested_at`, `confirmed_at`) VALUES (41, 1, 3, '2017-12-16 04:53:33', '2012-10-21 09:38:48');
INSERT INTO `friendship` (`user_id`, `friend_id`, `status_id`, `requested_at`, `confirmed_at`) VALUES (42, 63, 1, '2016-07-21 18:21:06', '2011-09-13 07:55:44');
INSERT INTO `friendship` (`user_id`, `friend_id`, `status_id`, `requested_at`, `confirmed_at`) VALUES (43, 67, 3, '2019-09-08 09:38:51', '2019-01-19 21:24:59');
INSERT INTO `friendship` (`user_id`, `friend_id`, `status_id`, `requested_at`, `confirmed_at`) VALUES (47, 92, 2, '2018-12-30 09:48:09', '2018-03-24 13:12:34');
INSERT INTO `friendship` (`user_id`, `friend_id`, `status_id`, `requested_at`, `confirmed_at`) VALUES (48, 97, 3, '2019-09-24 13:22:58', '2014-11-20 01:19:48');
INSERT INTO `friendship` (`user_id`, `friend_id`, `status_id`, `requested_at`, `confirmed_at`) VALUES (49, 26, 2, '2018-07-16 09:51:13', '2019-12-07 21:32:11');
INSERT INTO `friendship` (`user_id`, `friend_id`, `status_id`, `requested_at`, `confirmed_at`) VALUES (51, 2, 1, '2017-06-23 22:15:41', '2011-03-25 17:57:51');
INSERT INTO `friendship` (`user_id`, `friend_id`, `status_id`, `requested_at`, `confirmed_at`) VALUES (51, 8, 3, '2018-11-14 05:06:21', '2017-06-21 15:09:25');
INSERT INTO `friendship` (`user_id`, `friend_id`, `status_id`, `requested_at`, `confirmed_at`) VALUES (51, 47, 1, '2019-06-29 03:31:15', '2017-12-24 18:38:08');
INSERT INTO `friendship` (`user_id`, `friend_id`, `status_id`, `requested_at`, `confirmed_at`) VALUES (60, 4, 2, '2015-12-29 03:56:22', '2015-10-30 12:34:29');
INSERT INTO `friendship` (`user_id`, `friend_id`, `status_id`, `requested_at`, `confirmed_at`) VALUES (60, 24, 1, '2012-09-03 13:13:39', '2010-05-08 00:00:33');
INSERT INTO `friendship` (`user_id`, `friend_id`, `status_id`, `requested_at`, `confirmed_at`) VALUES (61, 22, 1, '2011-10-24 17:42:38', '2015-07-09 00:06:33');
INSERT INTO `friendship` (`user_id`, `friend_id`, `status_id`, `requested_at`, `confirmed_at`) VALUES (62, 11, 2, '2017-12-10 16:05:19', '2016-06-24 08:48:47');
INSERT INTO `friendship` (`user_id`, `friend_id`, `status_id`, `requested_at`, `confirmed_at`) VALUES (62, 78, 3, '2011-03-17 20:56:00', '2014-10-23 00:33:32');
INSERT INTO `friendship` (`user_id`, `friend_id`, `status_id`, `requested_at`, `confirmed_at`) VALUES (65, 64, 3, '2015-02-25 01:22:22', '2015-03-22 08:48:06');
INSERT INTO `friendship` (`user_id`, `friend_id`, `status_id`, `requested_at`, `confirmed_at`) VALUES (67, 14, 1, '2011-09-25 01:59:17', '2010-11-28 09:26:02');
INSERT INTO `friendship` (`user_id`, `friend_id`, `status_id`, `requested_at`, `confirmed_at`) VALUES (67, 96, 1, '2018-10-03 23:42:51', '2017-02-13 08:14:36');
INSERT INTO `friendship` (`user_id`, `friend_id`, `status_id`, `requested_at`, `confirmed_at`) VALUES (68, 52, 3, '2010-08-30 18:15:49', '2018-04-25 19:24:50');
INSERT INTO `friendship` (`user_id`, `friend_id`, `status_id`, `requested_at`, `confirmed_at`) VALUES (71, 69, 3, '2017-07-22 00:11:44', '2012-03-15 13:44:07');
INSERT INTO `friendship` (`user_id`, `friend_id`, `status_id`, `requested_at`, `confirmed_at`) VALUES (75, 44, 2, '2012-09-24 11:16:25', '2020-02-22 04:19:44');
INSERT INTO `friendship` (`user_id`, `friend_id`, `status_id`, `requested_at`, `confirmed_at`) VALUES (75, 59, 3, '2015-11-19 23:16:25', '2014-12-18 11:11:13');
INSERT INTO `friendship` (`user_id`, `friend_id`, `status_id`, `requested_at`, `confirmed_at`) VALUES (77, 28, 3, '2016-02-20 22:11:06', '2017-02-28 13:03:27');
INSERT INTO `friendship` (`user_id`, `friend_id`, `status_id`, `requested_at`, `confirmed_at`) VALUES (78, 35, 2, '2018-10-03 01:17:46', '2013-09-20 03:18:24');
INSERT INTO `friendship` (`user_id`, `friend_id`, `status_id`, `requested_at`, `confirmed_at`) VALUES (79, 3, 1, '2015-06-07 12:51:19', '2012-07-18 13:32:52');
INSERT INTO `friendship` (`user_id`, `friend_id`, `status_id`, `requested_at`, `confirmed_at`) VALUES (79, 32, 1, '2012-07-07 15:14:00', '2014-08-04 09:54:34');
INSERT INTO `friendship` (`user_id`, `friend_id`, `status_id`, `requested_at`, `confirmed_at`) VALUES (80, 36, 2, '2015-12-11 01:37:06', '2010-05-24 04:23:39');
INSERT INTO `friendship` (`user_id`, `friend_id`, `status_id`, `requested_at`, `confirmed_at`) VALUES (81, 79, 1, '2013-11-09 17:44:56', '2015-01-09 03:52:01');
INSERT INTO `friendship` (`user_id`, `friend_id`, `status_id`, `requested_at`, `confirmed_at`) VALUES (83, 22, 1, '2011-12-19 21:07:05', '2016-05-11 03:41:37');
INSERT INTO `friendship` (`user_id`, `friend_id`, `status_id`, `requested_at`, `confirmed_at`) VALUES (84, 42, 3, '2016-06-20 06:42:56', '2016-01-29 19:51:55');
INSERT INTO `friendship` (`user_id`, `friend_id`, `status_id`, `requested_at`, `confirmed_at`) VALUES (84, 43, 1, '2013-10-22 02:09:07', '2018-03-21 16:31:47');
INSERT INTO `friendship` (`user_id`, `friend_id`, `status_id`, `requested_at`, `confirmed_at`) VALUES (84, 79, 1, '2017-12-26 22:15:05', '2014-11-25 16:28:18');
INSERT INTO `friendship` (`user_id`, `friend_id`, `status_id`, `requested_at`, `confirmed_at`) VALUES (85, 6, 1, '2015-07-11 20:37:54', '2013-11-22 03:14:26');
INSERT INTO `friendship` (`user_id`, `friend_id`, `status_id`, `requested_at`, `confirmed_at`) VALUES (85, 86, 3, '2017-04-29 02:41:49', '2013-05-26 03:17:01');
INSERT INTO `friendship` (`user_id`, `friend_id`, `status_id`, `requested_at`, `confirmed_at`) VALUES (86, 28, 2, '2011-01-19 18:54:27', '2018-11-17 04:05:25');
INSERT INTO `friendship` (`user_id`, `friend_id`, `status_id`, `requested_at`, `confirmed_at`) VALUES (87, 8, 1, '2018-06-11 16:48:17', '2014-10-19 01:32:25');
INSERT INTO `friendship` (`user_id`, `friend_id`, `status_id`, `requested_at`, `confirmed_at`) VALUES (87, 61, 1, '2015-10-01 15:59:55', '2011-10-15 23:37:49');
INSERT INTO `friendship` (`user_id`, `friend_id`, `status_id`, `requested_at`, `confirmed_at`) VALUES (89, 64, 2, '2016-09-17 08:22:26', '2014-12-25 02:16:33');
INSERT INTO `friendship` (`user_id`, `friend_id`, `status_id`, `requested_at`, `confirmed_at`) VALUES (89, 78, 2, '2011-04-11 16:44:56', '2010-11-10 06:05:17');
INSERT INTO `friendship` (`user_id`, `friend_id`, `status_id`, `requested_at`, `confirmed_at`) VALUES (90, 23, 3, '2018-07-09 02:39:42', '2015-08-28 12:04:05');
INSERT INTO `friendship` (`user_id`, `friend_id`, `status_id`, `requested_at`, `confirmed_at`) VALUES (90, 65, 2, '2018-04-16 04:41:29', '2016-07-06 02:43:22');
INSERT INTO `friendship` (`user_id`, `friend_id`, `status_id`, `requested_at`, `confirmed_at`) VALUES (90, 99, 1, '2015-11-24 12:45:14', '2010-08-13 03:32:49');
INSERT INTO `friendship` (`user_id`, `friend_id`, `status_id`, `requested_at`, `confirmed_at`) VALUES (91, 82, 1, '2012-07-21 12:48:06', '2018-02-02 18:31:16');
INSERT INTO `friendship` (`user_id`, `friend_id`, `status_id`, `requested_at`, `confirmed_at`) VALUES (91, 83, 2, '2017-05-04 03:38:10', '2013-06-11 01:03:59');
INSERT INTO `friendship` (`user_id`, `friend_id`, `status_id`, `requested_at`, `confirmed_at`) VALUES (93, 20, 2, '2015-02-01 17:20:35', '2012-05-15 05:11:32');
INSERT INTO `friendship` (`user_id`, `friend_id`, `status_id`, `requested_at`, `confirmed_at`) VALUES (94, 62, 3, '2017-12-31 23:39:47', '2010-10-28 15:00:22');
INSERT INTO `friendship` (`user_id`, `friend_id`, `status_id`, `requested_at`, `confirmed_at`) VALUES (94, 67, 1, '2010-10-21 21:48:49', '2017-02-25 03:34:00');
INSERT INTO `friendship` (`user_id`, `friend_id`, `status_id`, `requested_at`, `confirmed_at`) VALUES (94, 70, 2, '2010-10-29 21:16:09', '2015-09-10 08:35:12');
INSERT INTO `friendship` (`user_id`, `friend_id`, `status_id`, `requested_at`, `confirmed_at`) VALUES (94, 90, 2, '2013-03-25 07:29:43', '2016-05-23 10:46:16');
INSERT INTO `friendship` (`user_id`, `friend_id`, `status_id`, `requested_at`, `confirmed_at`) VALUES (95, 69, 3, '2017-10-07 00:10:07', '2010-07-10 22:34:49');
INSERT INTO `friendship` (`user_id`, `friend_id`, `status_id`, `requested_at`, `confirmed_at`) VALUES (96, 4, 3, '2015-01-07 15:43:44', '2010-12-06 05:51:27');
INSERT INTO `friendship` (`user_id`, `friend_id`, `status_id`, `requested_at`, `confirmed_at`) VALUES (96, 16, 1, '2017-02-26 07:14:23', '2011-11-18 19:37:35');
INSERT INTO `friendship` (`user_id`, `friend_id`, `status_id`, `requested_at`, `confirmed_at`) VALUES (96, 74, 2, '2017-03-01 15:47:15', '2015-04-06 21:06:38');
INSERT INTO `friendship` (`user_id`, `friend_id`, `status_id`, `requested_at`, `confirmed_at`) VALUES (96, 86, 1, '2011-08-11 22:57:09', '2020-02-19 16:12:35');
INSERT INTO `friendship` (`user_id`, `friend_id`, `status_id`, `requested_at`, `confirmed_at`) VALUES (96, 91, 1, '2012-03-15 18:46:50', '2019-01-18 05:13:39');
INSERT INTO `friendship` (`user_id`, `friend_id`, `status_id`, `requested_at`, `confirmed_at`) VALUES (98, 97, 3, '2010-04-26 06:29:43', '2016-02-06 16:30:36');


#
# TABLE STRUCTURE FOR: friendship_statuses
#

DROP TABLE IF EXISTS `friendship_statuses`;

CREATE TABLE `friendship_statuses` (
  `id` int(10) unsigned NOT NULL AUTO_INCREMENT,
  `name` varchar(150) COLLATE utf8_unicode_ci NOT NULL,
  PRIMARY KEY (`id`),
  UNIQUE KEY `name` (`name`)
) ENGINE=InnoDB AUTO_INCREMENT=4 DEFAULT CHARSET=utf8 COLLATE=utf8_unicode_ci;

INSERT INTO `friendship_statuses` (`id`, `name`) VALUES (2, ' \"active\"');
INSERT INTO `friendship_statuses` (`id`, `name`) VALUES (1, ' \"rejected\"');
INSERT INTO `friendship_statuses` (`id`, `name`) VALUES (3, '\"not defined\"');


#
# TABLE STRUCTURE FOR: media
#

DROP TABLE IF EXISTS `media`;

CREATE TABLE `media` (
  `id` int(10) unsigned NOT NULL AUTO_INCREMENT,
  `media_type_id` int(10) unsigned NOT NULL,
  `user_id` int(10) unsigned NOT NULL,
  `file_path` varchar(255) COLLATE utf8_unicode_ci NOT NULL,
  `size` int(11) NOT NULL,
  `metadata` longtext CHARACTER SET utf8mb4 COLLATE utf8mb4_bin DEFAULT NULL,
  `created_at` datetime DEFAULT current_timestamp(),
  `updated_at` datetime DEFAULT current_timestamp() ON UPDATE current_timestamp(),
  PRIMARY KEY (`id`)
) ENGINE=InnoDB AUTO_INCREMENT=101 DEFAULT CHARSET=utf8 COLLATE=utf8_unicode_ci;

INSERT INTO `media` (`id`, `media_type_id`, `user_id`, `file_path`, `size`, `metadata`, `created_at`, `updated_at`) VALUES (1, 1, 9, 'http://www.paucekfranecki.info/', 83803, 'iure', '2019-08-28 09:28:39', '2014-11-14 10:46:00');
INSERT INTO `media` (`id`, `media_type_id`, `user_id`, `file_path`, `size`, `metadata`, `created_at`, `updated_at`) VALUES (2, 3, 42, 'http://www.beahan.org/', 75839, 'sed', '2019-07-29 12:49:22', '2011-07-20 21:22:44');
INSERT INTO `media` (`id`, `media_type_id`, `user_id`, `file_path`, `size`, `metadata`, `created_at`, `updated_at`) VALUES (3, 3, 66, 'http://lindstokes.biz/', 66043, 'libero', '2020-03-29 06:30:11', '2016-10-29 17:06:41');
INSERT INTO `media` (`id`, `media_type_id`, `user_id`, `file_path`, `size`, `metadata`, `created_at`, `updated_at`) VALUES (4, 1, 4, 'http://www.adams.biz/', 31147, 'praesentium', '2019-12-15 03:04:21', '2016-12-13 22:22:12');
INSERT INTO `media` (`id`, `media_type_id`, `user_id`, `file_path`, `size`, `metadata`, `created_at`, `updated_at`) VALUES (5, 2, 61, 'http://padberg.biz/', 10530, 'architecto', '2019-11-01 16:17:18', '2010-04-09 14:04:06');
INSERT INTO `media` (`id`, `media_type_id`, `user_id`, `file_path`, `size`, `metadata`, `created_at`, `updated_at`) VALUES (6, 1, 67, 'http://blicksanford.net/', 35782, 'vero', '2019-08-23 15:29:04', '2015-05-14 02:15:23');
INSERT INTO `media` (`id`, `media_type_id`, `user_id`, `file_path`, `size`, `metadata`, `created_at`, `updated_at`) VALUES (7, 1, 78, 'http://pourosvolkman.com/', 393, 'est', '2019-06-03 18:01:52', '2013-04-17 07:41:23');
INSERT INTO `media` (`id`, `media_type_id`, `user_id`, `file_path`, `size`, `metadata`, `created_at`, `updated_at`) VALUES (8, 1, 13, 'http://www.ondrickabartoletti.org/', 35272, 'adipisci', '2019-07-10 19:16:22', '2011-07-13 15:21:35');
INSERT INTO `media` (`id`, `media_type_id`, `user_id`, `file_path`, `size`, `metadata`, `created_at`, `updated_at`) VALUES (9, 3, 62, 'http://gleichnerpowlowski.com/', 27148, 'vel', '2020-03-11 07:17:36', '2014-12-14 02:52:24');
INSERT INTO `media` (`id`, `media_type_id`, `user_id`, `file_path`, `size`, `metadata`, `created_at`, `updated_at`) VALUES (10, 3, 56, 'http://quitzongerlach.com/', 44050, 'repudiandae', '2019-11-19 02:28:52', '2018-10-08 03:05:18');
INSERT INTO `media` (`id`, `media_type_id`, `user_id`, `file_path`, `size`, `metadata`, `created_at`, `updated_at`) VALUES (11, 3, 19, 'http://moen.org/', 92299, 'quo', '2019-09-08 12:43:34', '2011-01-31 17:12:39');
INSERT INTO `media` (`id`, `media_type_id`, `user_id`, `file_path`, `size`, `metadata`, `created_at`, `updated_at`) VALUES (12, 2, 41, 'http://keeling.com/', 27845, 'assumenda', '2020-01-21 08:19:47', '2010-04-11 23:57:11');
INSERT INTO `media` (`id`, `media_type_id`, `user_id`, `file_path`, `size`, `metadata`, `created_at`, `updated_at`) VALUES (13, 2, 18, 'http://will.org/', 60315, 'assumenda', '2019-12-14 01:29:19', '2017-04-27 21:31:40');
INSERT INTO `media` (`id`, `media_type_id`, `user_id`, `file_path`, `size`, `metadata`, `created_at`, `updated_at`) VALUES (14, 3, 90, 'http://www.daughertycummerata.com/', 8164, 'doloremque', '2019-06-19 16:30:36', '2014-10-06 13:35:44');
INSERT INTO `media` (`id`, `media_type_id`, `user_id`, `file_path`, `size`, `metadata`, `created_at`, `updated_at`) VALUES (15, 2, 64, 'http://littel.com/', 89709, 'incidunt', '2020-03-24 15:20:00', '2019-10-31 22:05:05');
INSERT INTO `media` (`id`, `media_type_id`, `user_id`, `file_path`, `size`, `metadata`, `created_at`, `updated_at`) VALUES (16, 2, 61, 'http://www.smith.info/', 45221, 'quia', '2019-06-13 20:22:02', '2011-06-05 13:46:06');
INSERT INTO `media` (`id`, `media_type_id`, `user_id`, `file_path`, `size`, `metadata`, `created_at`, `updated_at`) VALUES (17, 3, 60, 'http://mayert.org/', 2303, 'fugit', '2019-05-12 03:26:09', '2018-04-18 18:07:29');
INSERT INTO `media` (`id`, `media_type_id`, `user_id`, `file_path`, `size`, `metadata`, `created_at`, `updated_at`) VALUES (18, 1, 66, 'http://www.kunze.org/', 37630, 'et', '2019-05-01 17:35:08', '2018-12-10 14:12:41');
INSERT INTO `media` (`id`, `media_type_id`, `user_id`, `file_path`, `size`, `metadata`, `created_at`, `updated_at`) VALUES (19, 1, 11, 'http://www.frami.org/', 67938, 'iusto', '2019-09-14 15:15:22', '2020-01-23 18:44:32');
INSERT INTO `media` (`id`, `media_type_id`, `user_id`, `file_path`, `size`, `metadata`, `created_at`, `updated_at`) VALUES (20, 3, 80, 'http://www.kilbackbeatty.com/', 8730, 'impedit', '2019-11-05 00:55:37', '2018-06-09 20:40:53');
INSERT INTO `media` (`id`, `media_type_id`, `user_id`, `file_path`, `size`, `metadata`, `created_at`, `updated_at`) VALUES (21, 3, 70, 'http://www.trantow.com/', 65576, 'sed', '2019-05-30 14:33:12', '2018-10-17 18:34:18');
INSERT INTO `media` (`id`, `media_type_id`, `user_id`, `file_path`, `size`, `metadata`, `created_at`, `updated_at`) VALUES (22, 2, 97, 'http://www.kuvalis.com/', 24495, 'qui', '2020-01-12 13:18:45', '2014-12-26 10:50:06');
INSERT INTO `media` (`id`, `media_type_id`, `user_id`, `file_path`, `size`, `metadata`, `created_at`, `updated_at`) VALUES (23, 2, 50, 'http://kihncummerata.com/', 5308, 'et', '2019-12-05 01:02:03', '2012-06-02 21:30:31');
INSERT INTO `media` (`id`, `media_type_id`, `user_id`, `file_path`, `size`, `metadata`, `created_at`, `updated_at`) VALUES (24, 1, 19, 'http://dare.com/', 56892, 'et', '2019-06-29 00:03:54', '2018-07-20 08:42:35');
INSERT INTO `media` (`id`, `media_type_id`, `user_id`, `file_path`, `size`, `metadata`, `created_at`, `updated_at`) VALUES (25, 1, 78, 'http://langosh.com/', 52004, 'aut', '2020-01-25 14:31:39', '2011-06-22 07:00:31');
INSERT INTO `media` (`id`, `media_type_id`, `user_id`, `file_path`, `size`, `metadata`, `created_at`, `updated_at`) VALUES (26, 3, 96, 'http://gerhold.org/', 38175, 'esse', '2019-05-07 06:06:49', '2013-08-18 20:50:08');
INSERT INTO `media` (`id`, `media_type_id`, `user_id`, `file_path`, `size`, `metadata`, `created_at`, `updated_at`) VALUES (27, 3, 28, 'http://goyette.com/', 43531, 'veritatis', '2019-08-04 15:40:41', '2016-08-20 12:12:49');
INSERT INTO `media` (`id`, `media_type_id`, `user_id`, `file_path`, `size`, `metadata`, `created_at`, `updated_at`) VALUES (28, 2, 61, 'http://hansen.net/', 66516, 'blanditiis', '2019-07-28 08:01:26', '2010-05-22 02:56:49');
INSERT INTO `media` (`id`, `media_type_id`, `user_id`, `file_path`, `size`, `metadata`, `created_at`, `updated_at`) VALUES (29, 2, 8, 'http://www.rohandeckow.com/', 98079, 'atque', '2019-09-05 14:46:19', '2011-08-13 22:20:15');
INSERT INTO `media` (`id`, `media_type_id`, `user_id`, `file_path`, `size`, `metadata`, `created_at`, `updated_at`) VALUES (30, 2, 2, 'http://www.harvey.com/', 2863, 'numquam', '2019-05-26 19:42:21', '2015-10-13 09:11:27');
INSERT INTO `media` (`id`, `media_type_id`, `user_id`, `file_path`, `size`, `metadata`, `created_at`, `updated_at`) VALUES (31, 3, 16, 'http://leuschke.net/', 55683, 'quam', '2019-09-27 01:00:16', '2020-03-11 12:41:45');
INSERT INTO `media` (`id`, `media_type_id`, `user_id`, `file_path`, `size`, `metadata`, `created_at`, `updated_at`) VALUES (32, 2, 45, 'http://kuvalis.org/', 41393, 'aliquam', '2019-10-11 12:14:37', '2016-07-08 03:30:40');
INSERT INTO `media` (`id`, `media_type_id`, `user_id`, `file_path`, `size`, `metadata`, `created_at`, `updated_at`) VALUES (33, 3, 65, 'http://www.white.com/', 65024, 'nesciunt', '2019-04-07 04:49:06', '2017-03-07 03:10:59');
INSERT INTO `media` (`id`, `media_type_id`, `user_id`, `file_path`, `size`, `metadata`, `created_at`, `updated_at`) VALUES (34, 1, 1, 'http://www.connellybechtelar.com/', 11019, 'adipisci', '2019-06-12 20:10:52', '2011-01-05 01:26:38');
INSERT INTO `media` (`id`, `media_type_id`, `user_id`, `file_path`, `size`, `metadata`, `created_at`, `updated_at`) VALUES (35, 3, 80, 'http://www.weberortiz.com/', 73403, 'veniam', '2020-02-22 19:39:28', '2011-07-14 12:24:34');
INSERT INTO `media` (`id`, `media_type_id`, `user_id`, `file_path`, `size`, `metadata`, `created_at`, `updated_at`) VALUES (36, 3, 46, 'http://dickens.info/', 27562, 'inventore', '2020-01-09 05:03:48', '2017-05-24 16:16:42');
INSERT INTO `media` (`id`, `media_type_id`, `user_id`, `file_path`, `size`, `metadata`, `created_at`, `updated_at`) VALUES (37, 2, 26, 'http://mosciskibahringer.com/', 90005, 'repudiandae', '2019-06-11 04:48:33', '2019-03-06 08:04:34');
INSERT INTO `media` (`id`, `media_type_id`, `user_id`, `file_path`, `size`, `metadata`, `created_at`, `updated_at`) VALUES (38, 2, 97, 'http://roob.com/', 34116, 'fugiat', '2020-01-17 23:20:42', '2012-07-02 23:29:56');
INSERT INTO `media` (`id`, `media_type_id`, `user_id`, `file_path`, `size`, `metadata`, `created_at`, `updated_at`) VALUES (39, 3, 51, 'http://walter.com/', 67977, 'perferendis', '2019-04-11 01:51:49', '2018-02-01 18:48:36');
INSERT INTO `media` (`id`, `media_type_id`, `user_id`, `file_path`, `size`, `metadata`, `created_at`, `updated_at`) VALUES (40, 1, 85, 'http://www.mraz.com/', 53452, 'voluptatem', '2019-04-14 09:06:01', '2012-02-23 15:37:04');
INSERT INTO `media` (`id`, `media_type_id`, `user_id`, `file_path`, `size`, `metadata`, `created_at`, `updated_at`) VALUES (41, 1, 90, 'http://bahringerledner.info/', 35617, 'eius', '2019-04-28 09:55:23', '2015-08-11 15:47:16');
INSERT INTO `media` (`id`, `media_type_id`, `user_id`, `file_path`, `size`, `metadata`, `created_at`, `updated_at`) VALUES (42, 3, 25, 'http://www.kertzmannyundt.com/', 56391, 'quas', '2019-11-30 08:34:47', '2013-10-12 23:30:30');
INSERT INTO `media` (`id`, `media_type_id`, `user_id`, `file_path`, `size`, `metadata`, `created_at`, `updated_at`) VALUES (43, 1, 17, 'http://friesen.com/', 16136, 'esse', '2019-11-18 20:16:12', '2010-09-23 14:27:54');
INSERT INTO `media` (`id`, `media_type_id`, `user_id`, `file_path`, `size`, `metadata`, `created_at`, `updated_at`) VALUES (44, 3, 62, 'http://damore.com/', 90397, 'ex', '2019-09-21 09:55:27', '2018-12-21 06:07:23');
INSERT INTO `media` (`id`, `media_type_id`, `user_id`, `file_path`, `size`, `metadata`, `created_at`, `updated_at`) VALUES (45, 1, 35, 'http://ruecker.net/', 32090, 'dolore', '2020-01-14 07:42:48', '2018-04-11 22:26:42');
INSERT INTO `media` (`id`, `media_type_id`, `user_id`, `file_path`, `size`, `metadata`, `created_at`, `updated_at`) VALUES (46, 2, 96, 'http://www.gleichner.com/', 78357, 'in', '2019-10-23 11:01:09', '2015-10-03 14:19:24');
INSERT INTO `media` (`id`, `media_type_id`, `user_id`, `file_path`, `size`, `metadata`, `created_at`, `updated_at`) VALUES (47, 2, 26, 'http://www.funk.org/', 69079, 'beatae', '2019-04-11 09:41:48', '2010-04-17 23:10:48');
INSERT INTO `media` (`id`, `media_type_id`, `user_id`, `file_path`, `size`, `metadata`, `created_at`, `updated_at`) VALUES (48, 2, 26, 'http://www.huelanderson.com/', 59545, 'magni', '2020-03-12 10:46:46', '2018-12-03 00:19:10');
INSERT INTO `media` (`id`, `media_type_id`, `user_id`, `file_path`, `size`, `metadata`, `created_at`, `updated_at`) VALUES (49, 3, 50, 'http://hilpert.com/', 45937, 'facere', '2019-12-21 19:20:26', '2017-05-08 12:34:17');
INSERT INTO `media` (`id`, `media_type_id`, `user_id`, `file_path`, `size`, `metadata`, `created_at`, `updated_at`) VALUES (50, 1, 65, 'http://www.koelpin.com/', 88811, 'saepe', '2019-11-01 21:43:47', '2017-10-18 19:27:35');
INSERT INTO `media` (`id`, `media_type_id`, `user_id`, `file_path`, `size`, `metadata`, `created_at`, `updated_at`) VALUES (51, 1, 6, 'http://www.tromp.net/', 25033, 'eligendi', '2019-10-27 10:34:26', '2014-11-04 19:44:06');
INSERT INTO `media` (`id`, `media_type_id`, `user_id`, `file_path`, `size`, `metadata`, `created_at`, `updated_at`) VALUES (52, 1, 77, 'http://www.hoppe.org/', 59785, 'atque', '2020-03-01 08:58:25', '2010-06-22 16:01:40');
INSERT INTO `media` (`id`, `media_type_id`, `user_id`, `file_path`, `size`, `metadata`, `created_at`, `updated_at`) VALUES (53, 1, 52, 'http://waelchi.net/', 34637, 'libero', '2019-08-19 01:18:38', '2015-04-29 19:46:25');
INSERT INTO `media` (`id`, `media_type_id`, `user_id`, `file_path`, `size`, `metadata`, `created_at`, `updated_at`) VALUES (54, 3, 6, 'http://www.marquardttorphy.info/', 9049, 'cumque', '2020-01-23 14:18:10', '2012-04-16 02:34:26');
INSERT INTO `media` (`id`, `media_type_id`, `user_id`, `file_path`, `size`, `metadata`, `created_at`, `updated_at`) VALUES (55, 1, 89, 'http://www.ferry.com/', 81519, 'incidunt', '2019-08-11 03:11:01', '2014-07-02 01:40:59');
INSERT INTO `media` (`id`, `media_type_id`, `user_id`, `file_path`, `size`, `metadata`, `created_at`, `updated_at`) VALUES (56, 3, 31, 'http://www.stokes.com/', 19945, 'ut', '2019-10-02 00:44:26', '2017-04-05 19:32:06');
INSERT INTO `media` (`id`, `media_type_id`, `user_id`, `file_path`, `size`, `metadata`, `created_at`, `updated_at`) VALUES (57, 3, 71, 'http://corwin.info/', 94356, 'corrupti', '2019-11-12 08:04:32', '2014-11-18 00:37:47');
INSERT INTO `media` (`id`, `media_type_id`, `user_id`, `file_path`, `size`, `metadata`, `created_at`, `updated_at`) VALUES (58, 2, 95, 'http://gleichnerkulas.biz/', 89613, 'distinctio', '2019-09-21 06:19:00', '2010-05-03 09:48:43');
INSERT INTO `media` (`id`, `media_type_id`, `user_id`, `file_path`, `size`, `metadata`, `created_at`, `updated_at`) VALUES (59, 3, 40, 'http://durgan.net/', 94172, 'harum', '2019-08-20 15:08:34', '2018-12-28 08:12:02');
INSERT INTO `media` (`id`, `media_type_id`, `user_id`, `file_path`, `size`, `metadata`, `created_at`, `updated_at`) VALUES (60, 2, 11, 'http://erdman.com/', 32065, 'nisi', '2020-02-21 21:31:26', '2017-01-10 22:09:48');
INSERT INTO `media` (`id`, `media_type_id`, `user_id`, `file_path`, `size`, `metadata`, `created_at`, `updated_at`) VALUES (61, 3, 19, 'http://stiedemann.com/', 63377, 'repellat', '2019-10-30 13:46:27', '2018-03-07 20:32:22');
INSERT INTO `media` (`id`, `media_type_id`, `user_id`, `file_path`, `size`, `metadata`, `created_at`, `updated_at`) VALUES (62, 1, 25, 'http://www.langosh.com/', 3376, 'officiis', '2019-11-05 15:00:04', '2018-04-25 13:21:43');
INSERT INTO `media` (`id`, `media_type_id`, `user_id`, `file_path`, `size`, `metadata`, `created_at`, `updated_at`) VALUES (63, 2, 45, 'http://beahan.org/', 24135, 'distinctio', '2019-10-04 20:36:21', '2013-03-20 03:14:48');
INSERT INTO `media` (`id`, `media_type_id`, `user_id`, `file_path`, `size`, `metadata`, `created_at`, `updated_at`) VALUES (64, 2, 34, 'http://swaniawski.com/', 38480, 'exercitationem', '2019-09-06 04:33:05', '2018-12-01 16:37:07');
INSERT INTO `media` (`id`, `media_type_id`, `user_id`, `file_path`, `size`, `metadata`, `created_at`, `updated_at`) VALUES (65, 3, 75, 'http://legros.com/', 67135, 'mollitia', '2019-10-03 23:56:37', '2012-01-27 09:15:57');
INSERT INTO `media` (`id`, `media_type_id`, `user_id`, `file_path`, `size`, `metadata`, `created_at`, `updated_at`) VALUES (66, 3, 22, 'http://bauch.com/', 8511, 'est', '2019-08-15 07:34:35', '2014-02-05 07:07:47');
INSERT INTO `media` (`id`, `media_type_id`, `user_id`, `file_path`, `size`, `metadata`, `created_at`, `updated_at`) VALUES (67, 3, 9, 'http://www.blickgoldner.info/', 98031, 'qui', '2019-09-25 23:18:12', '2017-12-20 18:11:56');
INSERT INTO `media` (`id`, `media_type_id`, `user_id`, `file_path`, `size`, `metadata`, `created_at`, `updated_at`) VALUES (68, 3, 11, 'http://schmitt.com/', 2868, 'quae', '2019-06-29 07:44:18', '2012-02-27 12:48:41');
INSERT INTO `media` (`id`, `media_type_id`, `user_id`, `file_path`, `size`, `metadata`, `created_at`, `updated_at`) VALUES (69, 2, 72, 'http://russel.org/', 16108, 'et', '2019-08-23 18:51:30', '2010-11-26 19:07:30');
INSERT INTO `media` (`id`, `media_type_id`, `user_id`, `file_path`, `size`, `metadata`, `created_at`, `updated_at`) VALUES (70, 1, 63, 'http://gradyjohnson.com/', 6099, 'doloremque', '2019-07-21 00:26:30', '2018-08-31 07:03:10');
INSERT INTO `media` (`id`, `media_type_id`, `user_id`, `file_path`, `size`, `metadata`, `created_at`, `updated_at`) VALUES (71, 2, 6, 'http://friesenkoch.com/', 90812, 'aut', '2020-01-25 19:47:26', '2014-12-22 14:47:47');
INSERT INTO `media` (`id`, `media_type_id`, `user_id`, `file_path`, `size`, `metadata`, `created_at`, `updated_at`) VALUES (72, 3, 38, 'http://bradtke.info/', 57015, 'consequatur', '2019-06-07 14:47:52', '2018-03-14 17:19:20');
INSERT INTO `media` (`id`, `media_type_id`, `user_id`, `file_path`, `size`, `metadata`, `created_at`, `updated_at`) VALUES (73, 3, 48, 'http://ritchie.com/', 40816, 'ad', '2020-03-22 07:01:02', '2018-06-29 02:50:22');
INSERT INTO `media` (`id`, `media_type_id`, `user_id`, `file_path`, `size`, `metadata`, `created_at`, `updated_at`) VALUES (74, 1, 63, 'http://www.mueller.org/', 67843, 'sit', '2020-01-31 02:48:12', '2017-12-11 02:02:42');
INSERT INTO `media` (`id`, `media_type_id`, `user_id`, `file_path`, `size`, `metadata`, `created_at`, `updated_at`) VALUES (75, 3, 88, 'http://mills.com/', 86929, 'impedit', '2020-03-12 03:12:26', '2010-12-20 06:04:58');
INSERT INTO `media` (`id`, `media_type_id`, `user_id`, `file_path`, `size`, `metadata`, `created_at`, `updated_at`) VALUES (76, 3, 62, 'http://medhurstkling.com/', 14541, 'voluptas', '2019-07-24 04:57:03', '2015-02-28 07:35:53');
INSERT INTO `media` (`id`, `media_type_id`, `user_id`, `file_path`, `size`, `metadata`, `created_at`, `updated_at`) VALUES (77, 1, 79, 'http://cormiervonrueden.net/', 19913, 'sit', '2019-08-24 06:03:57', '2016-03-14 17:58:36');
INSERT INTO `media` (`id`, `media_type_id`, `user_id`, `file_path`, `size`, `metadata`, `created_at`, `updated_at`) VALUES (78, 3, 49, 'http://www.lebsack.com/', 74798, 'inventore', '2019-05-23 20:55:30', '2013-07-25 19:01:45');
INSERT INTO `media` (`id`, `media_type_id`, `user_id`, `file_path`, `size`, `metadata`, `created_at`, `updated_at`) VALUES (79, 1, 36, 'http://kilbackweimann.com/', 28607, 'qui', '2019-08-11 15:15:52', '2018-05-03 13:27:55');
INSERT INTO `media` (`id`, `media_type_id`, `user_id`, `file_path`, `size`, `metadata`, `created_at`, `updated_at`) VALUES (80, 3, 17, 'http://hilll.org/', 21770, 'consequatur', '2019-12-29 08:21:36', '2011-09-12 19:19:31');
INSERT INTO `media` (`id`, `media_type_id`, `user_id`, `file_path`, `size`, `metadata`, `created_at`, `updated_at`) VALUES (81, 1, 80, 'http://gleason.com/', 57814, 'commodi', '2019-04-10 03:28:57', '2018-06-21 20:35:27');
INSERT INTO `media` (`id`, `media_type_id`, `user_id`, `file_path`, `size`, `metadata`, `created_at`, `updated_at`) VALUES (82, 2, 91, 'http://www.windlerbartoletti.com/', 62383, 'qui', '2019-05-17 15:48:46', '2011-06-25 09:40:37');
INSERT INTO `media` (`id`, `media_type_id`, `user_id`, `file_path`, `size`, `metadata`, `created_at`, `updated_at`) VALUES (83, 3, 38, 'http://www.pfannerstillmarvin.com/', 67648, 'fugit', '2019-10-03 22:02:15', '2013-07-29 03:04:00');
INSERT INTO `media` (`id`, `media_type_id`, `user_id`, `file_path`, `size`, `metadata`, `created_at`, `updated_at`) VALUES (84, 1, 48, 'http://www.veum.com/', 8969, 'qui', '2019-05-12 13:58:32', '2018-11-13 10:09:59');
INSERT INTO `media` (`id`, `media_type_id`, `user_id`, `file_path`, `size`, `metadata`, `created_at`, `updated_at`) VALUES (85, 1, 18, 'http://smithkilback.org/', 20441, 'non', '2019-07-10 11:52:50', '2014-02-25 11:07:46');
INSERT INTO `media` (`id`, `media_type_id`, `user_id`, `file_path`, `size`, `metadata`, `created_at`, `updated_at`) VALUES (86, 1, 70, 'http://www.haley.biz/', 67406, 'cum', '2020-03-10 17:29:00', '2011-05-15 07:08:38');
INSERT INTO `media` (`id`, `media_type_id`, `user_id`, `file_path`, `size`, `metadata`, `created_at`, `updated_at`) VALUES (87, 1, 3, 'http://www.willms.com/', 96962, 'repellendus', '2019-07-21 11:21:38', '2012-12-20 09:14:44');
INSERT INTO `media` (`id`, `media_type_id`, `user_id`, `file_path`, `size`, `metadata`, `created_at`, `updated_at`) VALUES (88, 1, 99, 'http://rolfson.biz/', 27851, 'est', '2019-09-07 17:06:26', '2016-09-18 11:46:48');
INSERT INTO `media` (`id`, `media_type_id`, `user_id`, `file_path`, `size`, `metadata`, `created_at`, `updated_at`) VALUES (89, 2, 40, 'http://abbott.com/', 25353, 'quaerat', '2020-01-10 15:31:52', '2012-03-06 13:50:15');
INSERT INTO `media` (`id`, `media_type_id`, `user_id`, `file_path`, `size`, `metadata`, `created_at`, `updated_at`) VALUES (90, 2, 39, 'http://williamson.com/', 78033, 'ipsa', '2019-10-25 03:07:50', '2015-03-18 19:15:34');
INSERT INTO `media` (`id`, `media_type_id`, `user_id`, `file_path`, `size`, `metadata`, `created_at`, `updated_at`) VALUES (91, 1, 35, 'http://www.leannon.com/', 92232, 'quia', '2019-11-21 05:27:20', '2016-03-09 23:25:58');
INSERT INTO `media` (`id`, `media_type_id`, `user_id`, `file_path`, `size`, `metadata`, `created_at`, `updated_at`) VALUES (92, 1, 32, 'http://www.blickdietrich.biz/', 30374, 'doloremque', '2019-07-14 08:25:23', '2015-11-04 21:21:11');
INSERT INTO `media` (`id`, `media_type_id`, `user_id`, `file_path`, `size`, `metadata`, `created_at`, `updated_at`) VALUES (93, 1, 87, 'http://simonis.com/', 42214, 'non', '2019-07-16 19:59:49', '2016-10-16 05:49:06');
INSERT INTO `media` (`id`, `media_type_id`, `user_id`, `file_path`, `size`, `metadata`, `created_at`, `updated_at`) VALUES (94, 3, 37, 'http://christiansendeckow.com/', 14057, 'modi', '2020-01-02 10:07:37', '2015-10-30 23:32:53');
INSERT INTO `media` (`id`, `media_type_id`, `user_id`, `file_path`, `size`, `metadata`, `created_at`, `updated_at`) VALUES (95, 1, 63, 'http://cummings.com/', 91724, 'illum', '2019-12-30 08:32:23', '2016-01-27 01:19:12');
INSERT INTO `media` (`id`, `media_type_id`, `user_id`, `file_path`, `size`, `metadata`, `created_at`, `updated_at`) VALUES (96, 2, 34, 'http://www.sauer.org/', 78414, 'ut', '2019-10-16 15:08:29', '2018-10-15 09:13:37');
INSERT INTO `media` (`id`, `media_type_id`, `user_id`, `file_path`, `size`, `metadata`, `created_at`, `updated_at`) VALUES (97, 2, 92, 'http://www.lehnerdenesik.com/', 70045, 'eligendi', '2020-01-07 03:14:29', '2011-07-19 14:02:27');
INSERT INTO `media` (`id`, `media_type_id`, `user_id`, `file_path`, `size`, `metadata`, `created_at`, `updated_at`) VALUES (98, 1, 31, 'http://www.muller.info/', 78842, 'enim', '2019-06-11 11:08:20', '2016-02-29 15:31:22');
INSERT INTO `media` (`id`, `media_type_id`, `user_id`, `file_path`, `size`, `metadata`, `created_at`, `updated_at`) VALUES (99, 1, 26, 'http://halvorson.org/', 97038, 'quas', '2019-07-05 00:42:39', '2010-11-12 13:28:46');
INSERT INTO `media` (`id`, `media_type_id`, `user_id`, `file_path`, `size`, `metadata`, `created_at`, `updated_at`) VALUES (100, 3, 39, 'http://thielwest.com/', 35865, 'dicta', '2019-09-29 00:30:48', '2018-09-05 21:51:03');


#
# TABLE STRUCTURE FOR: media_types
#

DROP TABLE IF EXISTS `media_types`;

CREATE TABLE `media_types` (
  `id` int(10) unsigned NOT NULL AUTO_INCREMENT,
  `name` varchar(255) COLLATE utf8_unicode_ci NOT NULL,
  PRIMARY KEY (`id`),
  UNIQUE KEY `name` (`name`)
) ENGINE=InnoDB AUTO_INCREMENT=4 DEFAULT CHARSET=utf8 COLLATE=utf8_unicode_ci;

INSERT INTO `media_types` (`id`, `name`) VALUES (1, ' audio');
INSERT INTO `media_types` (`id`, `name`) VALUES (3, ' video');
INSERT INTO `media_types` (`id`, `name`) VALUES (2, 'photo');


#
# TABLE STRUCTURE FOR: messages
#

DROP TABLE IF EXISTS `messages`;

CREATE TABLE `messages` (
  `id` int(10) unsigned NOT NULL AUTO_INCREMENT,
  `from_user_id` int(10) unsigned NOT NULL,
  `to_user_id` int(10) unsigned NOT NULL,
  `body` text COLLATE utf8_unicode_ci NOT NULL,
  `is_important` tinyint(1) DEFAULT NULL,
  `is_delivered` tinyint(1) DEFAULT NULL,
  `created_at` datetime DEFAULT current_timestamp(),
  PRIMARY KEY (`id`)
) ENGINE=InnoDB AUTO_INCREMENT=101 DEFAULT CHARSET=utf8 COLLATE=utf8_unicode_ci;

INSERT INTO `messages` (`id`, `from_user_id`, `to_user_id`, `body`, `is_important`, `is_delivered`, `created_at`) VALUES (1, 97, 27, 'Enim explicabo ipsam quisquam qui eaque magni non. Qui id nostrum tempora autem placeat unde beatae voluptates. Autem sit alias voluptates dolores quae voluptatem culpa.', 0, 0, '2019-11-28 13:15:32');
INSERT INTO `messages` (`id`, `from_user_id`, `to_user_id`, `body`, `is_important`, `is_delivered`, `created_at`) VALUES (2, 29, 53, 'Eveniet soluta iste et ducimus. Recusandae voluptatum veniam nesciunt animi.', 1, 0, '1974-08-11 15:14:25');
INSERT INTO `messages` (`id`, `from_user_id`, `to_user_id`, `body`, `is_important`, `is_delivered`, `created_at`) VALUES (3, 63, 79, 'Ab fugit cum totam. Necessitatibus ea quisquam nulla possimus laboriosam quia vitae. Voluptas ipsam in aliquam id fugit exercitationem facere. Illum molestias hic qui.', 0, 0, '2002-01-01 10:20:25');
INSERT INTO `messages` (`id`, `from_user_id`, `to_user_id`, `body`, `is_important`, `is_delivered`, `created_at`) VALUES (4, 62, 47, 'Vero quos labore enim harum molestias. Dolorem suscipit aperiam rerum ex sed officia dolores. Enim eum et dicta.', 0, 0, '1974-10-30 16:48:38');
INSERT INTO `messages` (`id`, `from_user_id`, `to_user_id`, `body`, `is_important`, `is_delivered`, `created_at`) VALUES (5, 22, 57, 'Quis nesciunt quibusdam soluta porro doloribus. Repudiandae sint quo ab hic. Commodi voluptatem id quae sint est a laborum quia.', 0, 0, '1972-04-02 12:24:57');
INSERT INTO `messages` (`id`, `from_user_id`, `to_user_id`, `body`, `is_important`, `is_delivered`, `created_at`) VALUES (6, 63, 16, 'Eum consequuntur quaerat ut aspernatur. Omnis harum maxime deserunt harum. Molestiae nobis et ad consequatur optio corrupti et numquam. Et quae voluptas sapiente id.', 0, 0, '2018-11-15 21:37:06');
INSERT INTO `messages` (`id`, `from_user_id`, `to_user_id`, `body`, `is_important`, `is_delivered`, `created_at`) VALUES (7, 5, 31, 'Adipisci impedit voluptatem temporibus possimus consectetur. Tenetur facere numquam deleniti. Fugiat quia repellendus voluptatum. Consequatur deserunt qui eos sint dicta illo.', 0, 1, '1984-05-14 19:56:52');
INSERT INTO `messages` (`id`, `from_user_id`, `to_user_id`, `body`, `is_important`, `is_delivered`, `created_at`) VALUES (8, 47, 76, 'Eos doloremque quae quos officia cumque. Hic minus ipsa tempore aliquid aperiam. Recusandae fugiat nihil blanditiis asperiores tempore molestiae illo vel. Ipsum sit quis quia aut.', 1, 0, '1999-03-10 09:14:56');
INSERT INTO `messages` (`id`, `from_user_id`, `to_user_id`, `body`, `is_important`, `is_delivered`, `created_at`) VALUES (9, 17, 29, 'Non ea repellat molestiae voluptatem non quis inventore ea. Numquam error laboriosam sunt dolorem voluptas sed nobis. Dolorem est fugiat nostrum nostrum magnam.', 0, 1, '1979-07-09 19:45:42');
INSERT INTO `messages` (`id`, `from_user_id`, `to_user_id`, `body`, `is_important`, `is_delivered`, `created_at`) VALUES (10, 8, 36, 'Quis quas aut tenetur beatae voluptates. Et et molestiae ut ipsum nostrum ut alias sequi. Vitae quidem itaque laboriosam quia.', 1, 0, '1970-06-05 01:38:59');
INSERT INTO `messages` (`id`, `from_user_id`, `to_user_id`, `body`, `is_important`, `is_delivered`, `created_at`) VALUES (11, 3, 76, 'Eius rerum autem qui provident est. In dolorem exercitationem aut beatae facere natus deserunt. Aut ut sit incidunt exercitationem.', 1, 0, '1995-09-12 03:59:17');
INSERT INTO `messages` (`id`, `from_user_id`, `to_user_id`, `body`, `is_important`, `is_delivered`, `created_at`) VALUES (12, 100, 16, 'Ab aut eligendi perferendis quis nemo. Hic tempore sapiente ab ratione beatae deserunt quae.', 0, 1, '1974-05-20 04:20:17');
INSERT INTO `messages` (`id`, `from_user_id`, `to_user_id`, `body`, `is_important`, `is_delivered`, `created_at`) VALUES (13, 92, 29, 'Occaecati a eum optio quae totam voluptas sed. Harum saepe dignissimos voluptas aut exercitationem expedita laboriosam. Cupiditate quas vel veritatis ullam.', 1, 1, '1975-09-05 18:58:34');
INSERT INTO `messages` (`id`, `from_user_id`, `to_user_id`, `body`, `is_important`, `is_delivered`, `created_at`) VALUES (14, 9, 53, 'Suscipit ut quis numquam qui. Quos itaque perferendis porro officia velit. Placeat quia repellat sunt ducimus at culpa. Similique libero dolore recusandae consequatur beatae et.', 1, 1, '1997-01-25 05:54:26');
INSERT INTO `messages` (`id`, `from_user_id`, `to_user_id`, `body`, `is_important`, `is_delivered`, `created_at`) VALUES (15, 61, 20, 'Temporibus hic possimus ad sit perferendis. Similique ducimus maxime blanditiis. Accusamus similique reiciendis non architecto id recusandae cum.', 0, 1, '2015-03-13 22:28:27');
INSERT INTO `messages` (`id`, `from_user_id`, `to_user_id`, `body`, `is_important`, `is_delivered`, `created_at`) VALUES (16, 51, 57, 'Esse saepe perspiciatis facilis repudiandae officia aperiam. Doloribus ullam quia quas quam iusto voluptatum ipsa. Recusandae consequatur dignissimos quidem amet sit.', 0, 1, '1999-10-15 21:13:51');
INSERT INTO `messages` (`id`, `from_user_id`, `to_user_id`, `body`, `is_important`, `is_delivered`, `created_at`) VALUES (17, 46, 80, 'Ut maxime qui nam excepturi quas. Consequatur cupiditate facilis qui nesciunt sunt aut. Perspiciatis ratione impedit quia. Modi odit perferendis sit fugit mollitia architecto rerum porro.', 0, 0, '1984-12-02 23:03:39');
INSERT INTO `messages` (`id`, `from_user_id`, `to_user_id`, `body`, `is_important`, `is_delivered`, `created_at`) VALUES (18, 10, 9, 'Ut quidem non est dolorem quod illo omnis. Aut dolore aut blanditiis sit voluptatem ab itaque. Officiis voluptatem alias in officia minus iusto. Eius laudantium quia voluptatibus dolor et quaerat.', 1, 0, '2000-11-23 06:02:12');
INSERT INTO `messages` (`id`, `from_user_id`, `to_user_id`, `body`, `is_important`, `is_delivered`, `created_at`) VALUES (19, 58, 71, 'Sit saepe non qui incidunt consequatur dolor non qui. Occaecati maiores aut voluptas rerum. Quia voluptates nesciunt ipsa eius aliquam.', 1, 0, '2010-12-18 23:20:23');
INSERT INTO `messages` (`id`, `from_user_id`, `to_user_id`, `body`, `is_important`, `is_delivered`, `created_at`) VALUES (20, 56, 79, 'Quaerat qui deleniti dolorem illum et quas. Eum ut ipsum aut. Consectetur sed nostrum accusamus.', 0, 1, '2012-12-15 20:57:31');
INSERT INTO `messages` (`id`, `from_user_id`, `to_user_id`, `body`, `is_important`, `is_delivered`, `created_at`) VALUES (21, 28, 18, 'Voluptatem ut quisquam quisquam. Ipsum sunt dignissimos ipsum optio. Totam qui dolorem et architecto aut expedita quo molestias. Ipsa aliquid consequuntur qui deleniti cupiditate cupiditate omnis.', 0, 1, '2018-06-14 13:05:09');
INSERT INTO `messages` (`id`, `from_user_id`, `to_user_id`, `body`, `is_important`, `is_delivered`, `created_at`) VALUES (22, 94, 32, 'Ullam facere culpa delectus nulla id eveniet temporibus in. Veniam natus ipsam alias numquam quibusdam expedita. Vitae ut vitae quo libero non quo.', 1, 0, '2002-09-03 21:17:05');
INSERT INTO `messages` (`id`, `from_user_id`, `to_user_id`, `body`, `is_important`, `is_delivered`, `created_at`) VALUES (23, 49, 40, 'Placeat omnis ea odit perferendis aliquam perferendis hic facere. Laboriosam at ut animi totam voluptatem. Molestiae magni qui aliquid.', 0, 0, '1991-08-07 14:04:06');
INSERT INTO `messages` (`id`, `from_user_id`, `to_user_id`, `body`, `is_important`, `is_delivered`, `created_at`) VALUES (24, 8, 65, 'Suscipit adipisci vel sunt. Nobis hic eius accusantium debitis provident rerum. Maiores odio accusamus a non.', 1, 1, '1973-02-16 22:48:54');
INSERT INTO `messages` (`id`, `from_user_id`, `to_user_id`, `body`, `is_important`, `is_delivered`, `created_at`) VALUES (25, 69, 16, 'Deserunt inventore fugit illum cum in. Excepturi sunt non consectetur maxime ipsum cumque fugit reiciendis. Ab enim et id qui minus dolores vel. Aut iusto nulla iste facere.', 0, 0, '2008-10-06 13:10:06');
INSERT INTO `messages` (`id`, `from_user_id`, `to_user_id`, `body`, `is_important`, `is_delivered`, `created_at`) VALUES (26, 1, 71, 'Excepturi nihil voluptatum et doloremque aspernatur magnam. Qui ratione aut voluptas sint qui. Tenetur quam incidunt provident et nobis deleniti error. Totam dolores ut perspiciatis voluptatibus.', 0, 1, '1988-08-13 19:42:32');
INSERT INTO `messages` (`id`, `from_user_id`, `to_user_id`, `body`, `is_important`, `is_delivered`, `created_at`) VALUES (27, 91, 1, 'Enim ut dolorem eos nobis. Delectus nostrum est sit natus aspernatur odio maiores. Quidem qui a qui odit qui qui.', 0, 1, '1994-04-08 17:54:35');
INSERT INTO `messages` (`id`, `from_user_id`, `to_user_id`, `body`, `is_important`, `is_delivered`, `created_at`) VALUES (28, 86, 82, 'Aut architecto voluptatem quam quis est unde quaerat. Dolorem ullam molestiae incidunt. Pariatur qui totam et non. Debitis quia cum et doloribus aut.', 1, 0, '1984-03-10 13:50:37');
INSERT INTO `messages` (`id`, `from_user_id`, `to_user_id`, `body`, `is_important`, `is_delivered`, `created_at`) VALUES (29, 29, 95, 'Est sapiente qui facere perspiciatis. Nobis dolorem voluptas dolores quae dolor. Dicta nemo qui ut ex culpa vitae natus.', 0, 1, '1988-01-02 04:54:02');
INSERT INTO `messages` (`id`, `from_user_id`, `to_user_id`, `body`, `is_important`, `is_delivered`, `created_at`) VALUES (30, 35, 90, 'Qui esse qui aut beatae. Officiis sunt voluptatem facere voluptate asperiores vel. Quaerat beatae magni rerum est omnis odio nesciunt.', 1, 1, '1972-10-30 22:03:56');
INSERT INTO `messages` (`id`, `from_user_id`, `to_user_id`, `body`, `is_important`, `is_delivered`, `created_at`) VALUES (31, 14, 86, 'Omnis itaque quia ex odio exercitationem delectus laboriosam. Commodi omnis est deserunt dolorum recusandae enim molestiae. Enim qui ut et ut totam.', 1, 0, '2002-01-30 12:35:14');
INSERT INTO `messages` (`id`, `from_user_id`, `to_user_id`, `body`, `is_important`, `is_delivered`, `created_at`) VALUES (32, 47, 60, 'Placeat expedita asperiores ut dolorum sunt dolore reiciendis. Eius ex et quia magni sapiente et officiis.', 0, 0, '2016-09-08 11:43:54');
INSERT INTO `messages` (`id`, `from_user_id`, `to_user_id`, `body`, `is_important`, `is_delivered`, `created_at`) VALUES (33, 65, 56, 'Voluptas magni expedita in est aperiam. Incidunt et rerum atque ipsam voluptatem ex. Est perferendis id pariatur aut et.', 1, 1, '1988-11-15 06:36:43');
INSERT INTO `messages` (`id`, `from_user_id`, `to_user_id`, `body`, `is_important`, `is_delivered`, `created_at`) VALUES (34, 68, 22, 'Mollitia doloremque occaecati ipsam ipsam. Labore enim dolorum nihil illo. Cumque voluptatibus ipsum inventore perspiciatis et perferendis tempore.', 1, 1, '1974-04-04 23:51:04');
INSERT INTO `messages` (`id`, `from_user_id`, `to_user_id`, `body`, `is_important`, `is_delivered`, `created_at`) VALUES (35, 27, 24, 'Autem enim dolorem minima quos aut. Excepturi dolorem voluptatem unde. Quod harum dolor iusto magni culpa pariatur mollitia sed. Quia cupiditate quis aut dolores.', 0, 1, '1980-04-04 07:13:29');
INSERT INTO `messages` (`id`, `from_user_id`, `to_user_id`, `body`, `is_important`, `is_delivered`, `created_at`) VALUES (36, 100, 54, 'Qui voluptas officiis facere ex reiciendis nemo consequuntur doloribus. Aut sit occaecati magnam esse.', 1, 1, '1982-06-28 05:49:25');
INSERT INTO `messages` (`id`, `from_user_id`, `to_user_id`, `body`, `is_important`, `is_delivered`, `created_at`) VALUES (37, 42, 94, 'Non ut sed ut blanditiis ad recusandae. Eaque sunt aut cum aut reprehenderit. Ut perspiciatis exercitationem laboriosam perferendis quis in ut. Dignissimos architecto quo quia id.', 0, 0, '1997-01-29 21:57:04');
INSERT INTO `messages` (`id`, `from_user_id`, `to_user_id`, `body`, `is_important`, `is_delivered`, `created_at`) VALUES (38, 86, 90, 'Nobis qui commodi cum. Saepe expedita dolor commodi vel occaecati aut error. Accusantium totam neque id hic. Est eaque modi voluptates nulla eos.', 0, 0, '1997-05-25 06:48:32');
INSERT INTO `messages` (`id`, `from_user_id`, `to_user_id`, `body`, `is_important`, `is_delivered`, `created_at`) VALUES (39, 34, 93, 'Corporis aspernatur facere in rem suscipit. Repellat ipsum qui laudantium culpa asperiores distinctio et.', 0, 0, '2017-01-01 02:39:54');
INSERT INTO `messages` (`id`, `from_user_id`, `to_user_id`, `body`, `is_important`, `is_delivered`, `created_at`) VALUES (40, 55, 2, 'Magnam nemo enim quis adipisci nostrum. Rem dolores quia aut voluptate laudantium. Rem vero et eveniet odit quaerat enim eius saepe.', 0, 1, '1984-06-18 00:04:04');
INSERT INTO `messages` (`id`, `from_user_id`, `to_user_id`, `body`, `is_important`, `is_delivered`, `created_at`) VALUES (41, 8, 56, 'Natus fugit provident impedit qui. Suscipit neque animi minima dicta. Et maiores dolorem cum repellendus id quasi.', 0, 1, '1998-10-16 14:18:53');
INSERT INTO `messages` (`id`, `from_user_id`, `to_user_id`, `body`, `is_important`, `is_delivered`, `created_at`) VALUES (42, 73, 99, 'Aut corporis ad dolor. Nam excepturi placeat eum rem. Et repellendus velit reiciendis doloribus et.\nQui quia libero commodi. Ex doloremque dolores eos voluptas vero ut.', 0, 0, '2010-09-28 01:46:25');
INSERT INTO `messages` (`id`, `from_user_id`, `to_user_id`, `body`, `is_important`, `is_delivered`, `created_at`) VALUES (43, 56, 58, 'Qui et voluptas perferendis fugit ut aut labore. Ducimus nam voluptas voluptatem. Maiores modi est modi asperiores commodi ut. Ab quis et nulla et ipsum repellat. Sequi accusamus est et animi.', 1, 0, '2016-08-05 05:19:34');
INSERT INTO `messages` (`id`, `from_user_id`, `to_user_id`, `body`, `is_important`, `is_delivered`, `created_at`) VALUES (44, 81, 85, 'Saepe beatae est iusto illo sequi qui. Autem eius architecto ipsa aut eveniet eaque at. Voluptatem ab explicabo et eos sed esse. Inventore maxime quis quia.', 0, 1, '1993-10-16 08:31:01');
INSERT INTO `messages` (`id`, `from_user_id`, `to_user_id`, `body`, `is_important`, `is_delivered`, `created_at`) VALUES (45, 52, 15, 'Necessitatibus in ut qui in qui culpa minima aut. Non et aperiam ex quia. Minus explicabo molestiae aut omnis unde.', 1, 0, '1999-08-18 02:51:57');
INSERT INTO `messages` (`id`, `from_user_id`, `to_user_id`, `body`, `is_important`, `is_delivered`, `created_at`) VALUES (46, 75, 66, 'Adipisci unde nam dicta. Rerum et voluptatem molestiae. Animi magnam eveniet iste labore voluptatem voluptatum consequatur veniam.', 1, 1, '1986-12-14 09:29:47');
INSERT INTO `messages` (`id`, `from_user_id`, `to_user_id`, `body`, `is_important`, `is_delivered`, `created_at`) VALUES (47, 100, 21, 'Autem ut vel similique explicabo vitae fuga. Fugit modi veritatis voluptates optio quia amet. Adipisci deleniti aut odit aut. Nihil vitae error ea et.', 0, 1, '1982-02-08 14:33:42');
INSERT INTO `messages` (`id`, `from_user_id`, `to_user_id`, `body`, `is_important`, `is_delivered`, `created_at`) VALUES (48, 26, 64, 'Ipsa odio doloremque quidem qui aliquid sit. Consequuntur itaque mollitia delectus non nemo magni iste. Sunt qui repellat fugit. Neque rerum libero omnis dolore animi voluptates a.', 0, 0, '1983-12-24 18:09:24');
INSERT INTO `messages` (`id`, `from_user_id`, `to_user_id`, `body`, `is_important`, `is_delivered`, `created_at`) VALUES (49, 77, 94, 'Inventore corrupti velit in ut. Libero aut aliquid autem consequuntur tempore.\nHarum inventore voluptate voluptates numquam repellat ut et. Fugiat aliquid totam molestiae sed nesciunt.', 1, 1, '2000-10-25 13:29:07');
INSERT INTO `messages` (`id`, `from_user_id`, `to_user_id`, `body`, `is_important`, `is_delivered`, `created_at`) VALUES (50, 85, 3, 'Modi unde minima maxime assumenda libero quaerat veritatis ullam. Eos velit neque odio. Modi hic distinctio illum itaque optio esse.', 0, 1, '2008-09-22 00:03:57');
INSERT INTO `messages` (`id`, `from_user_id`, `to_user_id`, `body`, `is_important`, `is_delivered`, `created_at`) VALUES (51, 17, 85, 'Voluptatem vero saepe qui. Libero eveniet voluptates tempora qui. Quam enim maxime laudantium iste occaecati qui.', 0, 1, '2001-05-07 15:19:58');
INSERT INTO `messages` (`id`, `from_user_id`, `to_user_id`, `body`, `is_important`, `is_delivered`, `created_at`) VALUES (52, 56, 58, 'Delectus dolore nam atque deleniti. Magnam aperiam molestias excepturi debitis voluptatibus. Maxime officia ratione rem iure nulla quo necessitatibus.', 0, 0, '1986-01-10 04:46:11');
INSERT INTO `messages` (`id`, `from_user_id`, `to_user_id`, `body`, `is_important`, `is_delivered`, `created_at`) VALUES (53, 79, 41, 'Molestias cupiditate totam quo optio dicta eligendi vitae. Harum praesentium voluptatum eius corporis odio et ipsam. Quos accusamus ex porro voluptas et.', 1, 1, '2007-07-13 23:59:51');
INSERT INTO `messages` (`id`, `from_user_id`, `to_user_id`, `body`, `is_important`, `is_delivered`, `created_at`) VALUES (54, 47, 13, 'Dicta error qui distinctio illum. Aliquam eaque libero eos ea.', 0, 0, '1979-08-13 15:29:53');
INSERT INTO `messages` (`id`, `from_user_id`, `to_user_id`, `body`, `is_important`, `is_delivered`, `created_at`) VALUES (55, 34, 2, 'Id quo repellendus nisi. Nostrum consequatur autem cumque blanditiis eaque. Ex labore asperiores aliquam enim itaque necessitatibus quas harum.', 0, 0, '1997-12-02 07:40:30');
INSERT INTO `messages` (`id`, `from_user_id`, `to_user_id`, `body`, `is_important`, `is_delivered`, `created_at`) VALUES (56, 14, 42, 'Tenetur sequi quibusdam et quia quaerat consequuntur quasi. Sapiente voluptatum et repellendus et consectetur eaque. Nihil amet beatae est.', 1, 0, '1981-07-10 18:46:06');
INSERT INTO `messages` (`id`, `from_user_id`, `to_user_id`, `body`, `is_important`, `is_delivered`, `created_at`) VALUES (57, 57, 86, 'Autem consequatur et est odit et eaque. Maiores omnis velit dolorum accusantium doloribus recusandae et. Aut dolorem vero molestiae. Enim illum tempora omnis ea molestiae minima.', 0, 0, '1995-07-28 18:41:40');
INSERT INTO `messages` (`id`, `from_user_id`, `to_user_id`, `body`, `is_important`, `is_delivered`, `created_at`) VALUES (58, 40, 13, 'Qui fugit cum eum iste. Est dignissimos vero praesentium. Et repellendus praesentium natus quia unde. Quod sapiente explicabo consequatur ut facilis suscipit dolorem.', 0, 0, '2018-09-20 03:43:07');
INSERT INTO `messages` (`id`, `from_user_id`, `to_user_id`, `body`, `is_important`, `is_delivered`, `created_at`) VALUES (59, 44, 20, 'Animi quisquam consequuntur et ipsa. Consequatur eligendi vitae porro consequatur blanditiis neque voluptatum et. Eius quod repellat maiores dolor nihil. Sit omnis est distinctio repellat ut animi.', 0, 0, '1970-12-02 16:39:19');
INSERT INTO `messages` (`id`, `from_user_id`, `to_user_id`, `body`, `is_important`, `is_delivered`, `created_at`) VALUES (60, 98, 96, 'Quaerat repellendus rerum atque architecto quisquam id. Molestiae non voluptatem mollitia. Provident sunt voluptatum tenetur nihil molestias.', 1, 1, '2000-07-23 06:05:26');
INSERT INTO `messages` (`id`, `from_user_id`, `to_user_id`, `body`, `is_important`, `is_delivered`, `created_at`) VALUES (61, 35, 72, 'Neque consequatur voluptatem rerum accusamus tempore. Dicta quis fugiat eos culpa eum enim enim. Commodi non nihil in est itaque aperiam.', 0, 0, '1973-04-19 23:07:43');
INSERT INTO `messages` (`id`, `from_user_id`, `to_user_id`, `body`, `is_important`, `is_delivered`, `created_at`) VALUES (62, 62, 34, 'Consequatur dolore voluptatibus quas reprehenderit qui maxime. Quam quo necessitatibus exercitationem sint tempora quia vel. Et labore est placeat nulla et expedita facilis beatae.', 1, 1, '1980-05-16 00:04:53');
INSERT INTO `messages` (`id`, `from_user_id`, `to_user_id`, `body`, `is_important`, `is_delivered`, `created_at`) VALUES (63, 93, 87, 'In voluptate quidem vero natus et sed voluptatem. Et reiciendis fuga expedita harum in sit culpa. Rerum sed quidem ut sint. Autem commodi omnis corporis ducimus illum rerum mollitia sed.', 0, 1, '2016-07-26 11:49:17');
INSERT INTO `messages` (`id`, `from_user_id`, `to_user_id`, `body`, `is_important`, `is_delivered`, `created_at`) VALUES (64, 98, 69, 'Voluptas reiciendis in fugiat rerum. Ut enim iste rem assumenda illum voluptatem. Consequatur distinctio dolore qui explicabo.', 1, 0, '2012-12-03 14:53:07');
INSERT INTO `messages` (`id`, `from_user_id`, `to_user_id`, `body`, `is_important`, `is_delivered`, `created_at`) VALUES (65, 81, 83, 'Ut optio quibusdam dolores molestiae fugiat. Facilis alias explicabo labore quia fuga eius. Mollitia sint accusamus illum dolorem fuga. Illum sit fuga itaque tenetur cum.', 1, 0, '1991-10-18 01:17:33');
INSERT INTO `messages` (`id`, `from_user_id`, `to_user_id`, `body`, `is_important`, `is_delivered`, `created_at`) VALUES (66, 71, 97, 'Sequi architecto ad fuga molestiae et iusto. Suscipit nostrum neque incidunt quia enim velit quis. Deleniti sit eos dolorum ratione incidunt est laudantium modi. Nostrum error nam sed et.', 0, 1, '1974-12-15 03:05:16');
INSERT INTO `messages` (`id`, `from_user_id`, `to_user_id`, `body`, `is_important`, `is_delivered`, `created_at`) VALUES (67, 67, 27, 'Inventore accusantium ea esse ex et enim quam. Quia expedita qui repellendus quia sint deserunt. Molestiae exercitationem maxime earum unde iste nam.', 0, 1, '2009-11-25 12:24:32');
INSERT INTO `messages` (`id`, `from_user_id`, `to_user_id`, `body`, `is_important`, `is_delivered`, `created_at`) VALUES (68, 54, 46, 'Debitis sapiente facilis illum magnam consequuntur fuga voluptatum. Omnis eaque animi ratione quo officia ea. Nesciunt et at dolores est nesciunt culpa et.', 0, 0, '2013-05-03 23:47:09');
INSERT INTO `messages` (`id`, `from_user_id`, `to_user_id`, `body`, `is_important`, `is_delivered`, `created_at`) VALUES (69, 68, 1, 'Sequi inventore tempora deserunt occaecati. Aspernatur expedita aperiam et ut. Beatae et odit sed iste vitae eligendi. Unde quas quis sunt eos nihil maxime deserunt.', 1, 0, '1970-10-20 15:47:33');
INSERT INTO `messages` (`id`, `from_user_id`, `to_user_id`, `body`, `is_important`, `is_delivered`, `created_at`) VALUES (70, 58, 2, 'Consequatur dolor beatae sit expedita quia fugit. Quia maxime suscipit perspiciatis ea et. Tempora doloribus sunt omnis voluptatem temporibus nam. Sunt distinctio consectetur eos consequuntur in id.', 1, 1, '1987-07-28 12:21:10');
INSERT INTO `messages` (`id`, `from_user_id`, `to_user_id`, `body`, `is_important`, `is_delivered`, `created_at`) VALUES (71, 3, 72, 'Quos aut tenetur nostrum numquam dignissimos. Corrupti modi quis impedit modi quidem aut sed. Molestiae corporis voluptatem odio possimus est.', 1, 0, '2008-11-25 18:50:27');
INSERT INTO `messages` (`id`, `from_user_id`, `to_user_id`, `body`, `is_important`, `is_delivered`, `created_at`) VALUES (72, 43, 59, 'Delectus modi ut nobis animi odit dignissimos eaque. Quidem ut laboriosam est iste voluptatem eligendi voluptatem.', 0, 0, '2005-07-05 05:42:38');
INSERT INTO `messages` (`id`, `from_user_id`, `to_user_id`, `body`, `is_important`, `is_delivered`, `created_at`) VALUES (73, 58, 82, 'Aut sunt dolor reprehenderit id distinctio incidunt. Ad dignissimos et beatae nobis sed. Tenetur ut sunt est soluta in assumenda. Veniam ea deleniti non molestiae officia saepe.', 0, 1, '1983-02-25 05:47:51');
INSERT INTO `messages` (`id`, `from_user_id`, `to_user_id`, `body`, `is_important`, `is_delivered`, `created_at`) VALUES (74, 72, 1, 'Accusantium et itaque est odit. Nisi ex dolorem velit rem voluptatem ullam consequatur. Quia consequatur et rerum ipsa sed. Est illum ipsam aut consequatur deleniti.', 1, 0, '1998-03-29 03:08:35');
INSERT INTO `messages` (`id`, `from_user_id`, `to_user_id`, `body`, `is_important`, `is_delivered`, `created_at`) VALUES (75, 2, 69, 'Expedita commodi itaque beatae odio. Asperiores possimus ea perspiciatis aut aperiam ipsam. Sed autem et facere vel officia aut ratione. Voluptatem ut culpa magnam architecto qui consectetur nihil.', 0, 1, '2011-04-30 04:47:34');
INSERT INTO `messages` (`id`, `from_user_id`, `to_user_id`, `body`, `is_important`, `is_delivered`, `created_at`) VALUES (76, 97, 36, 'Nisi sit nobis cum quis perferendis modi. Quidem quo minima sint aut accusantium doloremque non sunt. Est autem repudiandae explicabo est deserunt molestiae.', 1, 1, '1993-08-27 09:32:35');
INSERT INTO `messages` (`id`, `from_user_id`, `to_user_id`, `body`, `is_important`, `is_delivered`, `created_at`) VALUES (77, 40, 58, 'Rerum tempora voluptas eos in mollitia. Illo quae rerum ipsum exercitationem soluta voluptatum repellendus. Totam eaque ut sed recusandae.', 0, 1, '1996-08-26 07:21:01');
INSERT INTO `messages` (`id`, `from_user_id`, `to_user_id`, `body`, `is_important`, `is_delivered`, `created_at`) VALUES (78, 70, 32, 'Occaecati veniam non minima sint. Atque iure natus occaecati quis enim. Commodi est commodi expedita quos ducimus qui.', 1, 0, '2005-07-02 02:36:00');
INSERT INTO `messages` (`id`, `from_user_id`, `to_user_id`, `body`, `is_important`, `is_delivered`, `created_at`) VALUES (79, 45, 67, 'Voluptatem autem quas voluptate quaerat eligendi ipsam. Sunt numquam aperiam sit est aliquid assumenda. Laborum accusamus est aut qui. Accusantium impedit delectus quae et.', 1, 1, '1990-07-28 15:08:43');
INSERT INTO `messages` (`id`, `from_user_id`, `to_user_id`, `body`, `is_important`, `is_delivered`, `created_at`) VALUES (80, 1, 25, 'Est ut dolor ea. Ut in consectetur ut cum nostrum eum nemo. Ex autem cupiditate in sint ipsa ipsa maiores totam. Deserunt sapiente consequatur aut voluptate animi sequi quibusdam.', 1, 1, '2003-12-21 03:58:45');
INSERT INTO `messages` (`id`, `from_user_id`, `to_user_id`, `body`, `is_important`, `is_delivered`, `created_at`) VALUES (81, 49, 72, 'Quia magnam illo sint sunt autem non. Dolores ratione dolor illum magni doloribus aut. Aut possimus rem aut reprehenderit ea dolores tempore.', 0, 0, '1993-01-27 18:31:33');
INSERT INTO `messages` (`id`, `from_user_id`, `to_user_id`, `body`, `is_important`, `is_delivered`, `created_at`) VALUES (82, 22, 16, 'Mollitia ad ut est incidunt sunt ut laboriosam. Non commodi itaque et autem qui quia vitae. Quibusdam nulla et sed inventore omnis vel in.', 0, 1, '1984-04-16 20:48:12');
INSERT INTO `messages` (`id`, `from_user_id`, `to_user_id`, `body`, `is_important`, `is_delivered`, `created_at`) VALUES (83, 99, 75, 'Unde repellat dolor quo omnis nisi voluptatem unde. Officiis non molestiae est dolor. Enim omnis in debitis veritatis atque sunt nemo. Ab dignissimos fugit non suscipit dolorem temporibus facere sit.', 0, 1, '2018-07-12 14:05:16');
INSERT INTO `messages` (`id`, `from_user_id`, `to_user_id`, `body`, `is_important`, `is_delivered`, `created_at`) VALUES (84, 61, 66, 'Doloribus sed mollitia velit quasi. Commodi cumque perspiciatis laboriosam hic ipsam doloribus sed. Quisquam reprehenderit reiciendis alias. Laboriosam sed iste esse et natus id id.', 1, 1, '2013-05-31 07:34:11');
INSERT INTO `messages` (`id`, `from_user_id`, `to_user_id`, `body`, `is_important`, `is_delivered`, `created_at`) VALUES (85, 76, 19, 'Aut ratione dignissimos quas omnis eos minima sequi. Amet expedita quae eaque sit illo incidunt. Mollitia ut ut cumque ut.', 0, 1, '2000-05-28 01:35:05');
INSERT INTO `messages` (`id`, `from_user_id`, `to_user_id`, `body`, `is_important`, `is_delivered`, `created_at`) VALUES (86, 67, 79, 'Est sit commodi cupiditate quibusdam. Eos nisi ut officia consequatur et cupiditate officia architecto.', 0, 1, '1984-10-04 19:11:26');
INSERT INTO `messages` (`id`, `from_user_id`, `to_user_id`, `body`, `is_important`, `is_delivered`, `created_at`) VALUES (87, 90, 10, 'Eum exercitationem eos voluptatum. Ut labore hic accusamus quo qui unde. Sit nulla dolorum veniam ratione maxime voluptatem. Voluptatibus ut adipisci in dolores itaque repellat.', 1, 1, '2012-05-16 17:15:55');
INSERT INTO `messages` (`id`, `from_user_id`, `to_user_id`, `body`, `is_important`, `is_delivered`, `created_at`) VALUES (88, 37, 47, 'Et placeat excepturi ipsam blanditiis laboriosam et corrupti. Est sequi debitis et quia illo accusantium. Voluptas facilis et ipsam et aut eos temporibus. Facilis ea est est placeat dolorem ullam.', 0, 1, '1999-12-09 16:07:41');
INSERT INTO `messages` (`id`, `from_user_id`, `to_user_id`, `body`, `is_important`, `is_delivered`, `created_at`) VALUES (89, 91, 8, 'Omnis quae ut ea ut dolor inventore. Aut doloribus iste autem ea dolorem facilis. Culpa officiis distinctio quis voluptas.', 1, 1, '2018-06-19 19:16:38');
INSERT INTO `messages` (`id`, `from_user_id`, `to_user_id`, `body`, `is_important`, `is_delivered`, `created_at`) VALUES (90, 48, 93, 'Eos ut nesciunt consequuntur deleniti. Quam maxime repellat et repellendus facilis. Tempora rerum ut eos ipsum quia sit est deserunt. Illum ipsa repellat quia exercitationem.', 1, 1, '1977-07-27 23:58:22');
INSERT INTO `messages` (`id`, `from_user_id`, `to_user_id`, `body`, `is_important`, `is_delivered`, `created_at`) VALUES (91, 77, 44, 'Nam sit in autem. Ab sit nam et distinctio minima et qui. Dignissimos modi temporibus aspernatur quis saepe nobis id consequatur.', 0, 0, '2002-11-08 07:37:13');
INSERT INTO `messages` (`id`, `from_user_id`, `to_user_id`, `body`, `is_important`, `is_delivered`, `created_at`) VALUES (92, 29, 16, 'Voluptatum itaque alias nesciunt vel vitae quod non dolores. Aut qui veniam omnis error aut. Molestias ea facere laudantium aspernatur. Enim et consequatur harum facilis animi facere.', 0, 1, '1975-02-11 11:47:08');
INSERT INTO `messages` (`id`, `from_user_id`, `to_user_id`, `body`, `is_important`, `is_delivered`, `created_at`) VALUES (93, 2, 98, 'Quas sapiente reiciendis beatae necessitatibus sint sunt. Maiores ut magnam esse error. Provident laborum corrupti et quos. Vitae similique autem unde ut ab.', 1, 0, '1979-02-21 07:08:15');
INSERT INTO `messages` (`id`, `from_user_id`, `to_user_id`, `body`, `is_important`, `is_delivered`, `created_at`) VALUES (94, 48, 47, 'Voluptatibus nostrum facilis reprehenderit et. Et deleniti molestias eligendi libero est delectus porro.', 1, 0, '2001-06-10 18:34:03');
INSERT INTO `messages` (`id`, `from_user_id`, `to_user_id`, `body`, `is_important`, `is_delivered`, `created_at`) VALUES (95, 65, 48, 'Consequuntur ut quo voluptatem vel aut porro. Molestias officia illum quia quaerat aliquam omnis sequi. Quia voluptas et quasi voluptatibus dolorum possimus.', 1, 1, '1973-11-02 10:06:02');
INSERT INTO `messages` (`id`, `from_user_id`, `to_user_id`, `body`, `is_important`, `is_delivered`, `created_at`) VALUES (96, 72, 14, 'Et minus non est sint non enim eos. Inventore nihil nulla atque adipisci illo. Tempore itaque eaque occaecati ipsum nemo laboriosam velit.', 1, 1, '2012-07-20 17:42:55');
INSERT INTO `messages` (`id`, `from_user_id`, `to_user_id`, `body`, `is_important`, `is_delivered`, `created_at`) VALUES (97, 20, 93, 'Voluptas eveniet pariatur error in beatae quis. Est rerum incidunt dicta non quis vel ut. Cupiditate est qui animi. Officiis sed dolores et suscipit recusandae.', 1, 1, '2013-02-05 04:30:57');
INSERT INTO `messages` (`id`, `from_user_id`, `to_user_id`, `body`, `is_important`, `is_delivered`, `created_at`) VALUES (98, 30, 18, 'Sequi hic est excepturi veniam quo ducimus. Accusantium aut quia molestias eos illo odio. Dolore ut dolores dolorem nemo inventore id dicta. Corrupti inventore voluptas minima veniam ex id quia.', 1, 0, '2011-12-03 13:22:08');
INSERT INTO `messages` (`id`, `from_user_id`, `to_user_id`, `body`, `is_important`, `is_delivered`, `created_at`) VALUES (99, 68, 91, 'Molestias vel quia voluptate ex. Et vero occaecati quidem sed ad. Eum voluptas temporibus qui quis earum ad.', 0, 0, '1986-03-13 04:34:26');
INSERT INTO `messages` (`id`, `from_user_id`, `to_user_id`, `body`, `is_important`, `is_delivered`, `created_at`) VALUES (100, 83, 43, 'Fugiat accusantium tempora laboriosam omnis. Optio aut vitae molestias incidunt eum. Aut quam sit at reprehenderit eveniet.', 0, 1, '1997-11-11 05:39:22');


#
# TABLE STRUCTURE FOR: profiles
#

DROP TABLE IF EXISTS `profiles`;

CREATE TABLE `profiles` (
  `user_id` int(10) unsigned NOT NULL,
  `gender` char(1) COLLATE utf8_unicode_ci NOT NULL,
  `birthday` date DEFAULT NULL,
  `city` varchar(100) COLLATE utf8_unicode_ci DEFAULT NULL,
  `country` varchar(100) COLLATE utf8_unicode_ci DEFAULT NULL,
  `photo_id` int(10) unsigned NOT NULL,
  `created_at` datetime DEFAULT current_timestamp(),
  `updated_at` datetime DEFAULT current_timestamp() ON UPDATE current_timestamp(),
  PRIMARY KEY (`user_id`)
) ENGINE=InnoDB DEFAULT CHARSET=utf8 COLLATE=utf8_unicode_ci;

INSERT INTO `profiles` (`user_id`, `gender`, `birthday`, `city`, `country`, `photo_id`, `created_at`, `updated_at`) VALUES (1, 'f', '1993-02-01', 'Jenkinsfurt', 'United Arab Emirates', 9, '2017-07-21 05:17:07', '2011-07-23 12:42:45');
INSERT INTO `profiles` (`user_id`, `gender`, `birthday`, `city`, `country`, `photo_id`, `created_at`, `updated_at`) VALUES (2, 'f', '2003-02-18', 'Osinskihaven', 'Turkey', 48, '2014-08-01 15:52:27', '2017-04-24 01:45:17');
INSERT INTO `profiles` (`user_id`, `gender`, `birthday`, `city`, `country`, `photo_id`, `created_at`, `updated_at`) VALUES (3, 'f', '1989-01-12', 'Hickleborough', 'Spain', 66, '2014-06-19 06:48:52', '2015-03-20 08:06:12');
INSERT INTO `profiles` (`user_id`, `gender`, `birthday`, `city`, `country`, `photo_id`, `created_at`, `updated_at`) VALUES (4, 'f', '1983-09-17', 'Harmonfort', 'United States of America', 35, '2013-11-23 12:16:15', '2017-07-17 02:56:37');
INSERT INTO `profiles` (`user_id`, `gender`, `birthday`, `city`, `country`, `photo_id`, `created_at`, `updated_at`) VALUES (5, 'f', '1984-10-27', 'Jadonview', 'Christmas Island', 57, '2011-04-10 17:16:07', '2015-01-29 22:16:30');
INSERT INTO `profiles` (`user_id`, `gender`, `birthday`, `city`, `country`, `photo_id`, `created_at`, `updated_at`) VALUES (6, 'm', '2019-06-11', 'Krisborough', 'Bermuda', 91, '2016-09-07 09:48:11', '2016-06-30 10:18:44');
INSERT INTO `profiles` (`user_id`, `gender`, `birthday`, `city`, `country`, `photo_id`, `created_at`, `updated_at`) VALUES (7, 'f', '1997-12-22', 'Alexbury', 'Heard Island and McDonald Islands', 56, '2015-03-14 03:00:41', '2011-07-21 06:05:41');
INSERT INTO `profiles` (`user_id`, `gender`, `birthday`, `city`, `country`, `photo_id`, `created_at`, `updated_at`) VALUES (8, 'm', '1984-09-07', 'Cruickshankchester', 'Bhutan', 44, '2020-02-03 20:04:59', '2015-10-22 09:08:05');
INSERT INTO `profiles` (`user_id`, `gender`, `birthday`, `city`, `country`, `photo_id`, `created_at`, `updated_at`) VALUES (9, 'm', '1995-09-23', 'Lake Dusty', 'Christmas Island', 89, '2017-10-11 17:37:39', '2016-01-19 06:15:36');
INSERT INTO `profiles` (`user_id`, `gender`, `birthday`, `city`, `country`, `photo_id`, `created_at`, `updated_at`) VALUES (10, 'f', '1980-01-30', 'North Evangeline', 'Cook Islands', 46, '2018-07-28 08:17:47', '2012-01-27 04:14:55');
INSERT INTO `profiles` (`user_id`, `gender`, `birthday`, `city`, `country`, `photo_id`, `created_at`, `updated_at`) VALUES (11, 'f', '1987-10-28', 'Ladariusport', 'Mayotte', 58, '2014-10-20 13:01:22', '2012-03-17 01:27:58');
INSERT INTO `profiles` (`user_id`, `gender`, `birthday`, `city`, `country`, `photo_id`, `created_at`, `updated_at`) VALUES (12, 'f', '1976-05-01', 'Liliantown', 'Estonia', 28, '2016-07-09 22:01:21', '2018-03-22 18:41:32');
INSERT INTO `profiles` (`user_id`, `gender`, `birthday`, `city`, `country`, `photo_id`, `created_at`, `updated_at`) VALUES (13, 'f', '1991-07-31', 'Whitetown', 'Bolivia', 49, '2016-02-24 14:23:45', '2016-09-12 00:07:26');
INSERT INTO `profiles` (`user_id`, `gender`, `birthday`, `city`, `country`, `photo_id`, `created_at`, `updated_at`) VALUES (14, 'f', '2009-10-01', 'Hudsonville', 'Slovenia', 27, '2015-11-09 13:04:04', '2013-12-26 18:22:02');
INSERT INTO `profiles` (`user_id`, `gender`, `birthday`, `city`, `country`, `photo_id`, `created_at`, `updated_at`) VALUES (15, 'f', '1975-06-17', 'Marvinton', 'Niue', 50, '2017-05-11 23:42:22', '2010-07-21 23:37:42');
INSERT INTO `profiles` (`user_id`, `gender`, `birthday`, `city`, `country`, `photo_id`, `created_at`, `updated_at`) VALUES (16, 'f', '2002-06-23', 'West Brayanview', 'Ecuador', 65, '2011-10-17 07:07:37', '2019-12-07 19:02:50');
INSERT INTO `profiles` (`user_id`, `gender`, `birthday`, `city`, `country`, `photo_id`, `created_at`, `updated_at`) VALUES (17, 'm', '2013-12-14', 'Micaelamouth', 'Belarus', 79, '2018-06-18 20:03:34', '2015-08-24 21:01:52');
INSERT INTO `profiles` (`user_id`, `gender`, `birthday`, `city`, `country`, `photo_id`, `created_at`, `updated_at`) VALUES (18, 'f', '1984-07-19', 'Robertmouth', 'Macedonia', 99, '2013-11-05 15:34:52', '2015-04-08 11:46:32');
INSERT INTO `profiles` (`user_id`, `gender`, `birthday`, `city`, `country`, `photo_id`, `created_at`, `updated_at`) VALUES (19, 'm', '2007-03-21', 'Maureenmouth', 'Gambia', 78, '2011-08-11 16:27:01', '2014-09-03 07:17:26');
INSERT INTO `profiles` (`user_id`, `gender`, `birthday`, `city`, `country`, `photo_id`, `created_at`, `updated_at`) VALUES (20, 'm', '1995-03-03', 'North Ofeliaton', 'Guam', 94, '2012-09-07 15:55:53', '2015-11-30 22:10:33');
INSERT INTO `profiles` (`user_id`, `gender`, `birthday`, `city`, `country`, `photo_id`, `created_at`, `updated_at`) VALUES (21, 'm', '1980-05-15', 'Wendyfort', 'Solomon Islands', 5, '2018-06-03 14:38:11', '2010-05-01 09:57:32');
INSERT INTO `profiles` (`user_id`, `gender`, `birthday`, `city`, `country`, `photo_id`, `created_at`, `updated_at`) VALUES (22, 'm', '1990-05-23', 'New Antoniettahaven', 'Ukraine', 72, '2014-05-11 07:52:12', '2018-11-12 09:19:37');
INSERT INTO `profiles` (`user_id`, `gender`, `birthday`, `city`, `country`, `photo_id`, `created_at`, `updated_at`) VALUES (23, 'm', '1984-12-15', 'South Reneechester', 'Egypt', 24, '2018-04-02 10:18:28', '2014-04-05 22:56:48');
INSERT INTO `profiles` (`user_id`, `gender`, `birthday`, `city`, `country`, `photo_id`, `created_at`, `updated_at`) VALUES (24, 'm', '1972-08-12', 'Wiegandfort', 'Yemen', 94, '2012-08-14 19:44:14', '2016-06-01 06:36:02');
INSERT INTO `profiles` (`user_id`, `gender`, `birthday`, `city`, `country`, `photo_id`, `created_at`, `updated_at`) VALUES (25, 'f', '1980-12-23', 'Lake Scotview', 'Guadeloupe', 2, '2017-12-31 12:27:50', '2020-03-08 13:57:50');
INSERT INTO `profiles` (`user_id`, `gender`, `birthday`, `city`, `country`, `photo_id`, `created_at`, `updated_at`) VALUES (26, 'm', '2007-03-27', 'West Valentin', 'Trinidad and Tobago', 9, '2019-10-19 10:54:43', '2011-11-25 03:11:11');
INSERT INTO `profiles` (`user_id`, `gender`, `birthday`, `city`, `country`, `photo_id`, `created_at`, `updated_at`) VALUES (27, 'm', '2020-02-28', 'Velvaville', 'United Kingdom', 23, '2018-05-09 19:02:20', '2017-01-01 23:40:15');
INSERT INTO `profiles` (`user_id`, `gender`, `birthday`, `city`, `country`, `photo_id`, `created_at`, `updated_at`) VALUES (28, 'm', '2012-04-05', 'Corkeryview', 'Kiribati', 49, '2016-07-30 15:20:54', '2016-11-18 14:07:32');
INSERT INTO `profiles` (`user_id`, `gender`, `birthday`, `city`, `country`, `photo_id`, `created_at`, `updated_at`) VALUES (29, 'f', '1988-11-21', 'Port Susanna', 'Iran', 9, '2014-06-04 14:23:37', '2013-07-08 08:02:29');
INSERT INTO `profiles` (`user_id`, `gender`, `birthday`, `city`, `country`, `photo_id`, `created_at`, `updated_at`) VALUES (30, 'f', '1990-10-01', 'Port Susanmouth', 'Lao People\'s Democratic Republic', 22, '2011-01-28 14:38:45', '2015-03-23 09:49:38');
INSERT INTO `profiles` (`user_id`, `gender`, `birthday`, `city`, `country`, `photo_id`, `created_at`, `updated_at`) VALUES (31, 'f', '2003-09-23', 'Mistyville', 'American Samoa', 13, '2014-03-26 14:23:36', '2019-10-21 19:51:28');
INSERT INTO `profiles` (`user_id`, `gender`, `birthday`, `city`, `country`, `photo_id`, `created_at`, `updated_at`) VALUES (32, 'm', '1990-02-02', 'Kylerville', 'Lithuania', 18, '2019-02-12 15:41:20', '2016-11-30 19:39:54');
INSERT INTO `profiles` (`user_id`, `gender`, `birthday`, `city`, `country`, `photo_id`, `created_at`, `updated_at`) VALUES (33, 'm', '2006-11-04', 'Cristfort', 'Pitcairn Islands', 69, '2012-12-23 01:19:10', '2011-08-16 01:40:22');
INSERT INTO `profiles` (`user_id`, `gender`, `birthday`, `city`, `country`, `photo_id`, `created_at`, `updated_at`) VALUES (34, 'f', '1997-01-30', 'Ortizborough', 'Saint Helena', 79, '2011-03-20 08:00:53', '2012-03-23 15:25:48');
INSERT INTO `profiles` (`user_id`, `gender`, `birthday`, `city`, `country`, `photo_id`, `created_at`, `updated_at`) VALUES (35, 'f', '1983-01-07', 'Reingerborough', 'Angola', 52, '2011-07-21 05:05:56', '2014-11-11 23:36:10');
INSERT INTO `profiles` (`user_id`, `gender`, `birthday`, `city`, `country`, `photo_id`, `created_at`, `updated_at`) VALUES (36, 'm', '1999-01-10', 'East Peggie', 'Cyprus', 26, '2018-07-21 07:35:59', '2014-07-27 17:14:20');
INSERT INTO `profiles` (`user_id`, `gender`, `birthday`, `city`, `country`, `photo_id`, `created_at`, `updated_at`) VALUES (37, 'm', '1972-04-03', 'West Kaelashire', 'Pakistan', 69, '2018-10-14 06:35:54', '2016-05-24 08:27:40');
INSERT INTO `profiles` (`user_id`, `gender`, `birthday`, `city`, `country`, `photo_id`, `created_at`, `updated_at`) VALUES (38, 'f', '1984-01-19', 'Albinaville', 'Montserrat', 8, '2019-12-13 13:27:28', '2010-12-31 02:49:24');
INSERT INTO `profiles` (`user_id`, `gender`, `birthday`, `city`, `country`, `photo_id`, `created_at`, `updated_at`) VALUES (39, 'm', '1972-05-03', 'New Madison', 'Seychelles', 69, '2020-01-06 01:15:23', '2019-03-27 09:31:40');
INSERT INTO `profiles` (`user_id`, `gender`, `birthday`, `city`, `country`, `photo_id`, `created_at`, `updated_at`) VALUES (40, 'f', '2001-07-04', 'Clairborough', 'United States Virgin Islands', 57, '2012-03-18 06:06:21', '2012-03-24 08:14:01');
INSERT INTO `profiles` (`user_id`, `gender`, `birthday`, `city`, `country`, `photo_id`, `created_at`, `updated_at`) VALUES (41, 'm', '2012-06-11', 'New Daren', 'South Georgia and the South Sandwich Islands', 53, '2014-09-08 10:26:48', '2014-04-18 14:48:37');
INSERT INTO `profiles` (`user_id`, `gender`, `birthday`, `city`, `country`, `photo_id`, `created_at`, `updated_at`) VALUES (42, 'f', '1997-09-01', 'Judystad', 'Montserrat', 27, '2011-10-03 07:24:28', '2017-06-17 20:56:13');
INSERT INTO `profiles` (`user_id`, `gender`, `birthday`, `city`, `country`, `photo_id`, `created_at`, `updated_at`) VALUES (43, 'f', '1970-01-09', 'Mariahfurt', 'Colombia', 85, '2019-05-23 03:56:13', '2016-05-01 19:06:22');
INSERT INTO `profiles` (`user_id`, `gender`, `birthday`, `city`, `country`, `photo_id`, `created_at`, `updated_at`) VALUES (44, 'f', '1992-08-29', 'Asiaberg', 'Guinea-Bissau', 1, '2013-06-01 15:32:09', '2013-07-18 09:02:05');
INSERT INTO `profiles` (`user_id`, `gender`, `birthday`, `city`, `country`, `photo_id`, `created_at`, `updated_at`) VALUES (45, 'f', '2018-12-03', 'East Tressastad', 'Grenada', 53, '2010-11-13 14:53:34', '2015-08-31 15:10:55');
INSERT INTO `profiles` (`user_id`, `gender`, `birthday`, `city`, `country`, `photo_id`, `created_at`, `updated_at`) VALUES (46, 'm', '1975-12-16', 'Dixiestad', 'Malawi', 34, '2015-05-22 03:15:21', '2016-07-03 10:31:51');
INSERT INTO `profiles` (`user_id`, `gender`, `birthday`, `city`, `country`, `photo_id`, `created_at`, `updated_at`) VALUES (47, 'm', '1984-12-24', 'Watsicaland', 'Niger', 66, '2012-02-02 11:59:47', '2013-12-07 00:19:36');
INSERT INTO `profiles` (`user_id`, `gender`, `birthday`, `city`, `country`, `photo_id`, `created_at`, `updated_at`) VALUES (48, 'f', '2007-06-12', 'Walkerfurt', 'Mali', 32, '2014-06-24 06:33:53', '2017-12-04 18:25:44');
INSERT INTO `profiles` (`user_id`, `gender`, `birthday`, `city`, `country`, `photo_id`, `created_at`, `updated_at`) VALUES (49, 'm', '1975-05-27', 'South Jordanland', 'Kyrgyz Republic', 32, '2011-12-09 11:15:32', '2020-02-21 23:49:22');
INSERT INTO `profiles` (`user_id`, `gender`, `birthday`, `city`, `country`, `photo_id`, `created_at`, `updated_at`) VALUES (50, 'm', '2000-02-10', 'West Webster', 'Australia', 43, '2017-02-28 03:27:53', '2020-03-01 18:14:58');
INSERT INTO `profiles` (`user_id`, `gender`, `birthday`, `city`, `country`, `photo_id`, `created_at`, `updated_at`) VALUES (51, 'm', '1998-06-18', 'Lilianeville', 'Guatemala', 25, '2015-04-24 11:53:51', '2020-02-10 13:18:11');
INSERT INTO `profiles` (`user_id`, `gender`, `birthday`, `city`, `country`, `photo_id`, `created_at`, `updated_at`) VALUES (52, 'f', '1992-04-23', 'Mullerland', 'Martinique', 36, '2017-10-28 23:02:57', '2016-06-17 18:12:56');
INSERT INTO `profiles` (`user_id`, `gender`, `birthday`, `city`, `country`, `photo_id`, `created_at`, `updated_at`) VALUES (53, 'f', '1989-12-21', 'Erikaport', 'Heard Island and McDonald Islands', 15, '2013-12-30 09:30:57', '2010-06-13 14:09:01');
INSERT INTO `profiles` (`user_id`, `gender`, `birthday`, `city`, `country`, `photo_id`, `created_at`, `updated_at`) VALUES (54, 'm', '1974-02-11', 'New Ahmad', 'Peru', 49, '2012-05-10 09:05:00', '2010-10-16 10:59:13');
INSERT INTO `profiles` (`user_id`, `gender`, `birthday`, `city`, `country`, `photo_id`, `created_at`, `updated_at`) VALUES (55, 'm', '2017-04-30', 'Port Deborah', 'France', 30, '2012-09-16 16:02:38', '2012-04-28 08:04:58');
INSERT INTO `profiles` (`user_id`, `gender`, `birthday`, `city`, `country`, `photo_id`, `created_at`, `updated_at`) VALUES (56, 'f', '2001-02-09', 'Cierramouth', 'Canada', 16, '2013-04-16 14:20:10', '2019-03-06 01:44:42');
INSERT INTO `profiles` (`user_id`, `gender`, `birthday`, `city`, `country`, `photo_id`, `created_at`, `updated_at`) VALUES (57, 'f', '2008-03-24', 'Lake Coltbury', 'Congo', 57, '2010-04-11 08:39:08', '2019-08-03 14:13:40');
INSERT INTO `profiles` (`user_id`, `gender`, `birthday`, `city`, `country`, `photo_id`, `created_at`, `updated_at`) VALUES (58, 'f', '2003-08-11', 'Lake Toy', 'Togo', 52, '2015-09-20 21:15:31', '2018-11-18 13:39:24');
INSERT INTO `profiles` (`user_id`, `gender`, `birthday`, `city`, `country`, `photo_id`, `created_at`, `updated_at`) VALUES (59, 'm', '1994-03-14', 'Bergstrombury', 'Malta', 65, '2015-04-15 07:27:51', '2013-01-13 22:25:19');
INSERT INTO `profiles` (`user_id`, `gender`, `birthday`, `city`, `country`, `photo_id`, `created_at`, `updated_at`) VALUES (60, 'm', '1985-12-23', 'Lake Robyn', 'Sierra Leone', 66, '2011-03-08 08:12:35', '2013-06-06 00:20:21');
INSERT INTO `profiles` (`user_id`, `gender`, `birthday`, `city`, `country`, `photo_id`, `created_at`, `updated_at`) VALUES (61, 'm', '1994-03-18', 'Mabelleland', 'Turkmenistan', 73, '2013-06-06 10:49:43', '2010-06-06 01:38:04');
INSERT INTO `profiles` (`user_id`, `gender`, `birthday`, `city`, `country`, `photo_id`, `created_at`, `updated_at`) VALUES (62, 'f', '2014-07-02', 'Port Audreannehaven', 'Sri Lanka', 77, '2019-03-16 21:41:33', '2016-07-12 01:14:28');
INSERT INTO `profiles` (`user_id`, `gender`, `birthday`, `city`, `country`, `photo_id`, `created_at`, `updated_at`) VALUES (63, 'm', '2017-12-19', 'New Dahlia', 'American Samoa', 83, '2019-02-26 07:53:31', '2017-05-25 14:39:37');
INSERT INTO `profiles` (`user_id`, `gender`, `birthday`, `city`, `country`, `photo_id`, `created_at`, `updated_at`) VALUES (64, 'f', '2003-11-22', 'Wernertown', 'Monaco', 42, '2018-11-29 13:49:38', '2013-07-18 23:54:22');
INSERT INTO `profiles` (`user_id`, `gender`, `birthday`, `city`, `country`, `photo_id`, `created_at`, `updated_at`) VALUES (65, 'm', '1975-03-27', 'Clementinafort', 'Antigua and Barbuda', 56, '2018-10-22 04:17:08', '2017-04-15 20:47:13');
INSERT INTO `profiles` (`user_id`, `gender`, `birthday`, `city`, `country`, `photo_id`, `created_at`, `updated_at`) VALUES (66, 'f', '2016-11-10', 'West Waldotown', 'Austria', 35, '2014-12-09 08:34:24', '2013-12-11 20:21:54');
INSERT INTO `profiles` (`user_id`, `gender`, `birthday`, `city`, `country`, `photo_id`, `created_at`, `updated_at`) VALUES (67, 'm', '2009-08-27', 'West Karinaside', 'Togo', 68, '2013-05-02 15:00:07', '2012-06-24 04:13:09');
INSERT INTO `profiles` (`user_id`, `gender`, `birthday`, `city`, `country`, `photo_id`, `created_at`, `updated_at`) VALUES (68, 'm', '1978-10-07', 'Turnerburgh', 'Madagascar', 24, '2017-08-25 17:44:53', '2011-12-24 00:14:11');
INSERT INTO `profiles` (`user_id`, `gender`, `birthday`, `city`, `country`, `photo_id`, `created_at`, `updated_at`) VALUES (69, 'f', '2008-03-29', 'Lefflerfurt', 'Nepal', 42, '2014-04-24 21:17:00', '2018-09-20 01:19:57');
INSERT INTO `profiles` (`user_id`, `gender`, `birthday`, `city`, `country`, `photo_id`, `created_at`, `updated_at`) VALUES (70, 'f', '1979-02-22', 'North Sageport', 'Kazakhstan', 36, '2016-06-25 05:19:41', '2016-03-05 16:56:12');
INSERT INTO `profiles` (`user_id`, `gender`, `birthday`, `city`, `country`, `photo_id`, `created_at`, `updated_at`) VALUES (71, 'm', '1971-11-24', 'South Antoniostad', 'Netherlands Antilles', 81, '2016-09-20 22:11:48', '2018-07-07 17:18:47');
INSERT INTO `profiles` (`user_id`, `gender`, `birthday`, `city`, `country`, `photo_id`, `created_at`, `updated_at`) VALUES (72, 'f', '1995-07-26', 'Carrollberg', 'Malta', 95, '2013-07-25 02:28:30', '2013-04-27 03:41:57');
INSERT INTO `profiles` (`user_id`, `gender`, `birthday`, `city`, `country`, `photo_id`, `created_at`, `updated_at`) VALUES (73, 'm', '2010-12-08', 'North Vidalmouth', 'Grenada', 63, '2014-03-11 08:32:39', '2015-11-23 16:56:48');
INSERT INTO `profiles` (`user_id`, `gender`, `birthday`, `city`, `country`, `photo_id`, `created_at`, `updated_at`) VALUES (74, 'f', '1986-07-11', 'Port Raquelville', 'Uganda', 65, '2018-03-29 04:18:24', '2014-04-08 15:01:53');
INSERT INTO `profiles` (`user_id`, `gender`, `birthday`, `city`, `country`, `photo_id`, `created_at`, `updated_at`) VALUES (75, 'f', '2010-02-16', 'West Kennith', 'Sweden', 96, '2011-10-01 05:25:36', '2018-03-08 17:58:30');
INSERT INTO `profiles` (`user_id`, `gender`, `birthday`, `city`, `country`, `photo_id`, `created_at`, `updated_at`) VALUES (76, 'm', '2008-03-04', 'Jovanishire', 'Sweden', 15, '2012-04-02 15:56:21', '2019-04-14 02:31:57');
INSERT INTO `profiles` (`user_id`, `gender`, `birthday`, `city`, `country`, `photo_id`, `created_at`, `updated_at`) VALUES (77, 'f', '2018-10-21', 'Lucyport', 'Lithuania', 98, '2013-12-06 14:28:27', '2018-02-15 06:31:11');
INSERT INTO `profiles` (`user_id`, `gender`, `birthday`, `city`, `country`, `photo_id`, `created_at`, `updated_at`) VALUES (78, 'm', '1989-02-24', 'Shawnstad', 'Latvia', 61, '2010-04-14 04:16:34', '2014-03-24 19:50:28');
INSERT INTO `profiles` (`user_id`, `gender`, `birthday`, `city`, `country`, `photo_id`, `created_at`, `updated_at`) VALUES (79, 'f', '2004-08-26', 'Koeppside', 'Falkland Islands (Malvinas)', 47, '2013-02-26 22:28:35', '2011-01-05 12:10:08');
INSERT INTO `profiles` (`user_id`, `gender`, `birthday`, `city`, `country`, `photo_id`, `created_at`, `updated_at`) VALUES (80, 'f', '1993-03-01', 'West Greenview', 'French Polynesia', 30, '2011-08-09 00:37:42', '2016-06-05 07:27:15');
INSERT INTO `profiles` (`user_id`, `gender`, `birthday`, `city`, `country`, `photo_id`, `created_at`, `updated_at`) VALUES (81, 'f', '2003-09-23', 'Enricomouth', 'Tunisia', 4, '2018-02-19 14:58:28', '2012-11-27 19:31:35');
INSERT INTO `profiles` (`user_id`, `gender`, `birthday`, `city`, `country`, `photo_id`, `created_at`, `updated_at`) VALUES (82, 'm', '1996-07-20', 'West Ena', 'Qatar', 71, '2019-01-15 15:54:20', '2013-07-27 15:49:24');
INSERT INTO `profiles` (`user_id`, `gender`, `birthday`, `city`, `country`, `photo_id`, `created_at`, `updated_at`) VALUES (83, 'm', '1975-07-02', 'Port Adriel', 'Taiwan', 66, '2019-03-05 21:04:30', '2010-08-25 02:43:06');
INSERT INTO `profiles` (`user_id`, `gender`, `birthday`, `city`, `country`, `photo_id`, `created_at`, `updated_at`) VALUES (84, 'm', '1977-07-24', 'New Eric', 'Antarctica (the territory South of 60 deg S)', 18, '2010-11-21 01:46:51', '2011-12-01 09:41:13');
INSERT INTO `profiles` (`user_id`, `gender`, `birthday`, `city`, `country`, `photo_id`, `created_at`, `updated_at`) VALUES (85, 'm', '1977-10-31', 'Barrettshire', 'Christmas Island', 20, '2014-10-01 12:37:02', '2018-09-07 11:25:05');
INSERT INTO `profiles` (`user_id`, `gender`, `birthday`, `city`, `country`, `photo_id`, `created_at`, `updated_at`) VALUES (86, 'f', '1995-03-27', 'Nienowfort', 'Nepal', 95, '2015-05-18 06:12:30', '2017-06-28 17:06:35');
INSERT INTO `profiles` (`user_id`, `gender`, `birthday`, `city`, `country`, `photo_id`, `created_at`, `updated_at`) VALUES (87, 'm', '1972-01-08', 'Daremouth', 'Libyan Arab Jamahiriya', 34, '2018-02-05 01:24:52', '2019-11-29 12:13:17');
INSERT INTO `profiles` (`user_id`, `gender`, `birthday`, `city`, `country`, `photo_id`, `created_at`, `updated_at`) VALUES (88, 'm', '1977-12-03', 'Lake Jess', 'Lesotho', 77, '2013-04-06 05:11:11', '2013-01-21 09:39:48');
INSERT INTO `profiles` (`user_id`, `gender`, `birthday`, `city`, `country`, `photo_id`, `created_at`, `updated_at`) VALUES (89, 'm', '1980-01-28', 'Melynaborough', 'Madagascar', 47, '2014-10-23 11:18:13', '2017-06-06 15:39:38');
INSERT INTO `profiles` (`user_id`, `gender`, `birthday`, `city`, `country`, `photo_id`, `created_at`, `updated_at`) VALUES (90, 'm', '1971-04-27', 'Port Elza', 'Ukraine', 98, '2017-08-11 20:53:50', '2012-12-17 02:21:47');
INSERT INTO `profiles` (`user_id`, `gender`, `birthday`, `city`, `country`, `photo_id`, `created_at`, `updated_at`) VALUES (91, 'm', '2012-10-08', 'Sheldonfurt', 'Guadeloupe', 42, '2013-02-19 04:05:11', '2018-09-24 21:11:31');
INSERT INTO `profiles` (`user_id`, `gender`, `birthday`, `city`, `country`, `photo_id`, `created_at`, `updated_at`) VALUES (92, 'm', '1975-09-20', 'Jacobsland', 'Netherlands', 19, '2019-12-03 13:05:34', '2014-09-15 23:44:55');
INSERT INTO `profiles` (`user_id`, `gender`, `birthday`, `city`, `country`, `photo_id`, `created_at`, `updated_at`) VALUES (93, 'f', '2017-09-01', 'Odessamouth', 'Mauritania', 75, '2020-01-11 05:29:51', '2012-06-19 14:58:08');
INSERT INTO `profiles` (`user_id`, `gender`, `birthday`, `city`, `country`, `photo_id`, `created_at`, `updated_at`) VALUES (94, 'f', '2000-08-24', 'North Reynoldfort', 'Palau', 25, '2012-03-27 04:26:22', '2019-06-11 17:34:50');
INSERT INTO `profiles` (`user_id`, `gender`, `birthday`, `city`, `country`, `photo_id`, `created_at`, `updated_at`) VALUES (95, 'f', '1992-12-16', 'North Janickville', 'Jamaica', 61, '2014-11-12 19:48:40', '2017-04-16 15:16:09');
INSERT INTO `profiles` (`user_id`, `gender`, `birthday`, `city`, `country`, `photo_id`, `created_at`, `updated_at`) VALUES (96, 'm', '1977-12-12', 'Port Jayview', 'Macao', 30, '2019-10-05 01:43:26', '2013-11-02 01:26:54');
INSERT INTO `profiles` (`user_id`, `gender`, `birthday`, `city`, `country`, `photo_id`, `created_at`, `updated_at`) VALUES (97, 'm', '1992-05-25', 'Lowellmouth', 'Iraq', 60, '2015-06-26 14:34:53', '2018-01-11 08:34:51');
INSERT INTO `profiles` (`user_id`, `gender`, `birthday`, `city`, `country`, `photo_id`, `created_at`, `updated_at`) VALUES (98, 'f', '1980-06-19', 'Benfurt', 'Barbados', 28, '2015-11-06 20:24:17', '2012-10-05 13:22:32');
INSERT INTO `profiles` (`user_id`, `gender`, `birthday`, `city`, `country`, `photo_id`, `created_at`, `updated_at`) VALUES (99, 'f', '1992-04-07', 'Leanneborough', 'Kyrgyz Republic', 54, '2012-07-19 00:28:29', '2010-12-23 01:32:58');
INSERT INTO `profiles` (`user_id`, `gender`, `birthday`, `city`, `country`, `photo_id`, `created_at`, `updated_at`) VALUES (100, 'm', '2010-06-27', 'Gutmannport', 'Vietnam', 1, '2011-05-15 03:57:23', '2018-01-06 01:47:37');


#
# TABLE STRUCTURE FOR: users
#

DROP TABLE IF EXISTS `users`;

CREATE TABLE `users` (
  `id` int(10) unsigned NOT NULL AUTO_INCREMENT,
  `first_name` varchar(100) COLLATE utf8_unicode_ci NOT NULL,
  `last_name` varchar(100) COLLATE utf8_unicode_ci NOT NULL,
  `email` varchar(120) COLLATE utf8_unicode_ci NOT NULL,
  `phone` varchar(120) COLLATE utf8_unicode_ci NOT NULL,
  `created_at` datetime DEFAULT current_timestamp(),
  `updated_at` datetime DEFAULT current_timestamp() ON UPDATE current_timestamp(),
  PRIMARY KEY (`id`),
  UNIQUE KEY `email` (`email`),
  UNIQUE KEY `phone` (`phone`)
) ENGINE=InnoDB AUTO_INCREMENT=101 DEFAULT CHARSET=utf8 COLLATE=utf8_unicode_ci;

INSERT INTO `users` (`id`, `first_name`, `last_name`, `email`, `phone`, `created_at`, `updated_at`) VALUES (1, 'Wyman', 'Hettinger', 'tanderson@example.net', '+87(6)4043602363', '2014-11-11 21:20:28', '2014-12-05 22:57:44');
INSERT INTO `users` (`id`, `first_name`, `last_name`, `email`, `phone`, `created_at`, `updated_at`) VALUES (2, 'Camila', 'Romaguera', 'krutherford@example.com', '1-896-830-1720x4246', '2012-11-15 00:13:46', '2017-10-05 15:29:00');
INSERT INTO `users` (`id`, `first_name`, `last_name`, `email`, `phone`, `created_at`, `updated_at`) VALUES (3, 'Katheryn', 'Steuber', 'heath93@example.net', '07444628671', '2014-10-11 01:57:09', '2011-04-15 18:23:34');
INSERT INTO `users` (`id`, `first_name`, `last_name`, `email`, `phone`, `created_at`, `updated_at`) VALUES (4, 'Rico', 'Haley', 'stroman.maegan@example.com', '996-838-4877', '2015-06-27 12:27:04', '2012-07-14 09:52:01');
INSERT INTO `users` (`id`, `first_name`, `last_name`, `email`, `phone`, `created_at`, `updated_at`) VALUES (5, 'Lesly', 'Auer', 'satterfield.stella@example.com', '104.883.4409x77541', '2015-08-26 12:16:47', '2013-03-29 11:21:02');
INSERT INTO `users` (`id`, `first_name`, `last_name`, `email`, `phone`, `created_at`, `updated_at`) VALUES (6, 'Leann', 'Stoltenberg', 'vance.paucek@example.com', '020.773.4445', '2016-06-03 23:30:08', '2019-01-12 10:40:53');
INSERT INTO `users` (`id`, `first_name`, `last_name`, `email`, `phone`, `created_at`, `updated_at`) VALUES (7, 'Maryjane', 'Yost', 'noemi.wiza@example.org', '1-814-448-1205x7571', '2019-05-05 16:57:37', '2015-10-24 21:22:22');
INSERT INTO `users` (`id`, `first_name`, `last_name`, `email`, `phone`, `created_at`, `updated_at`) VALUES (8, 'Burdette', 'Labadie', 'fgibson@example.com', '1-884-374-4676x818', '2010-11-13 08:30:19', '2011-07-08 03:54:45');
INSERT INTO `users` (`id`, `first_name`, `last_name`, `email`, `phone`, `created_at`, `updated_at`) VALUES (9, 'Moises', 'Hilpert', 'hbeer@example.org', '(790)080-7787x556', '2019-01-16 23:45:08', '2015-12-04 20:01:16');
INSERT INTO `users` (`id`, `first_name`, `last_name`, `email`, `phone`, `created_at`, `updated_at`) VALUES (10, 'Angeline', 'Wolff', 'hyatt.holden@example.net', '05835622801', '2012-03-16 13:29:39', '2012-08-15 19:49:42');
INSERT INTO `users` (`id`, `first_name`, `last_name`, `email`, `phone`, `created_at`, `updated_at`) VALUES (11, 'Zakary', 'Hyatt', 'pearlie.braun@example.org', '(830)751-5292', '2015-06-11 05:04:09', '2013-03-04 03:00:00');
INSERT INTO `users` (`id`, `first_name`, `last_name`, `email`, `phone`, `created_at`, `updated_at`) VALUES (12, 'Leta', 'Yost', 'hintz.russel@example.com', '1-462-993-6709', '2011-08-29 06:10:08', '2016-09-14 10:19:32');
INSERT INTO `users` (`id`, `first_name`, `last_name`, `email`, `phone`, `created_at`, `updated_at`) VALUES (13, 'Katrine', 'Wiegand', 'jbrekke@example.com', '(524)259-2658x79466', '2016-05-29 05:32:17', '2014-03-02 16:42:11');
INSERT INTO `users` (`id`, `first_name`, `last_name`, `email`, `phone`, `created_at`, `updated_at`) VALUES (14, 'Allan', 'Schneider', 'maritza10@example.com', '+96(2)3364279833', '2013-08-17 12:36:55', '2014-09-26 08:47:26');
INSERT INTO `users` (`id`, `first_name`, `last_name`, `email`, `phone`, `created_at`, `updated_at`) VALUES (15, 'Jarrett', 'Hilll', 'kenna.zulauf@example.com', '+29(3)6361563527', '2013-03-26 04:06:29', '2012-02-03 13:37:59');
INSERT INTO `users` (`id`, `first_name`, `last_name`, `email`, `phone`, `created_at`, `updated_at`) VALUES (16, 'Crawford', 'Pfeffer', 'feeney.einar@example.org', '+82(6)1417644532', '2018-06-23 06:40:47', '2019-10-08 17:53:37');
INSERT INTO `users` (`id`, `first_name`, `last_name`, `email`, `phone`, `created_at`, `updated_at`) VALUES (17, 'Ashton', 'Bogan', 'chadrick17@example.net', '012-718-4749', '2013-05-02 19:46:16', '2014-12-31 18:08:47');
INSERT INTO `users` (`id`, `first_name`, `last_name`, `email`, `phone`, `created_at`, `updated_at`) VALUES (18, 'Nicola', 'Cummings', 'granville.bashirian@example.org', '(905)518-7585x19424', '2011-12-19 04:17:09', '2015-02-22 18:00:06');
INSERT INTO `users` (`id`, `first_name`, `last_name`, `email`, `phone`, `created_at`, `updated_at`) VALUES (19, 'Adele', 'Hegmann', 'ocormier@example.org', '828-302-4644x288', '2016-09-12 04:59:05', '2020-03-07 14:04:00');
INSERT INTO `users` (`id`, `first_name`, `last_name`, `email`, `phone`, `created_at`, `updated_at`) VALUES (20, 'Easter', 'Wehner', 'fschmeler@example.com', '961-174-1120', '2012-03-12 04:31:16', '2013-08-05 08:31:38');
INSERT INTO `users` (`id`, `first_name`, `last_name`, `email`, `phone`, `created_at`, `updated_at`) VALUES (21, 'Marjolaine', 'Bergstrom', 'enos29@example.net', '522-277-8123x020', '2016-05-09 13:41:40', '2013-07-29 09:26:41');
INSERT INTO `users` (`id`, `first_name`, `last_name`, `email`, `phone`, `created_at`, `updated_at`) VALUES (22, 'Thalia', 'Watsica', 'sheldon70@example.net', '860-051-6705x072', '2014-12-12 18:45:19', '2016-07-15 02:27:57');
INSERT INTO `users` (`id`, `first_name`, `last_name`, `email`, `phone`, `created_at`, `updated_at`) VALUES (23, 'Vaughn', 'Prosacco', 'kelli93@example.com', '(645)599-5519', '2018-09-24 04:36:52', '2013-10-15 12:01:05');
INSERT INTO `users` (`id`, `first_name`, `last_name`, `email`, `phone`, `created_at`, `updated_at`) VALUES (24, 'Antonette', 'Champlin', 'amurphy@example.org', '712.202.7811x6607', '2013-06-16 19:30:57', '2012-09-13 00:06:25');
INSERT INTO `users` (`id`, `first_name`, `last_name`, `email`, `phone`, `created_at`, `updated_at`) VALUES (25, 'Andres', 'Orn', 'ucasper@example.org', '1-593-057-2727x788', '2015-04-29 04:05:09', '2019-10-28 07:44:33');
INSERT INTO `users` (`id`, `first_name`, `last_name`, `email`, `phone`, `created_at`, `updated_at`) VALUES (26, 'Luigi', 'Rowe', 'femmerich@example.com', '(705)124-5905x17917', '2020-03-30 12:26:44', '2016-07-03 23:02:39');
INSERT INTO `users` (`id`, `first_name`, `last_name`, `email`, `phone`, `created_at`, `updated_at`) VALUES (27, 'Tomasa', 'Wilkinson', 'anastacio.wolff@example.org', '1-731-476-3420x41693', '2014-11-29 12:58:31', '2015-05-27 11:06:24');
INSERT INTO `users` (`id`, `first_name`, `last_name`, `email`, `phone`, `created_at`, `updated_at`) VALUES (28, 'Reed', 'Stracke', 'graham.alicia@example.com', '1-341-279-0791x49792', '2015-10-16 03:24:13', '2010-12-09 23:39:47');
INSERT INTO `users` (`id`, `first_name`, `last_name`, `email`, `phone`, `created_at`, `updated_at`) VALUES (29, 'Alvena', 'Auer', 'cstroman@example.org', '1-607-947-1830', '2018-12-18 21:40:37', '2014-09-14 21:12:35');
INSERT INTO `users` (`id`, `first_name`, `last_name`, `email`, `phone`, `created_at`, `updated_at`) VALUES (30, 'Crystel', 'Johnson', 'imelda.hoeger@example.com', '(478)670-7168', '2018-12-20 08:46:15', '2010-04-13 17:30:48');
INSERT INTO `users` (`id`, `first_name`, `last_name`, `email`, `phone`, `created_at`, `updated_at`) VALUES (31, 'Janelle', 'Crooks', 'jaycee06@example.org', '1-760-069-8339', '2010-12-11 13:37:17', '2016-11-17 23:11:56');
INSERT INTO `users` (`id`, `first_name`, `last_name`, `email`, `phone`, `created_at`, `updated_at`) VALUES (32, 'Lafayette', 'Cruickshank', 'bailee95@example.org', '187-472-8379', '2019-10-17 06:21:29', '2016-04-04 04:26:21');
INSERT INTO `users` (`id`, `first_name`, `last_name`, `email`, `phone`, `created_at`, `updated_at`) VALUES (33, 'Bernice', 'Collins', 'wayne95@example.com', '935-164-1582', '2015-05-16 08:01:19', '2019-01-27 00:08:33');
INSERT INTO `users` (`id`, `first_name`, `last_name`, `email`, `phone`, `created_at`, `updated_at`) VALUES (34, 'Bridgette', 'Ankunding', 'buster47@example.net', '945.146.1863', '2011-01-31 23:26:25', '2011-11-24 09:31:41');
INSERT INTO `users` (`id`, `first_name`, `last_name`, `email`, `phone`, `created_at`, `updated_at`) VALUES (35, 'Kirsten', 'Hodkiewicz', 'akeebler@example.com', '(113)050-0965x1198', '2015-09-15 09:29:34', '2011-01-28 17:26:45');
INSERT INTO `users` (`id`, `first_name`, `last_name`, `email`, `phone`, `created_at`, `updated_at`) VALUES (36, 'Kelsie', 'Ebert', 'choppe@example.net', '1-868-591-1533x47898', '2012-08-19 11:07:14', '2014-05-14 08:26:19');
INSERT INTO `users` (`id`, `first_name`, `last_name`, `email`, `phone`, `created_at`, `updated_at`) VALUES (37, 'Brisa', 'Satterfield', 'consuelo33@example.org', '(037)304-4513x46875', '2015-04-03 22:12:58', '2013-07-01 13:11:39');
INSERT INTO `users` (`id`, `first_name`, `last_name`, `email`, `phone`, `created_at`, `updated_at`) VALUES (38, 'Rubie', 'Brown', 'abbott.rod@example.net', '1-204-946-7545x59771', '2015-03-31 22:33:16', '2015-10-27 01:23:30');
INSERT INTO `users` (`id`, `first_name`, `last_name`, `email`, `phone`, `created_at`, `updated_at`) VALUES (39, 'Dana', 'Bosco', 'daniel.estevan@example.org', '1-433-950-9868x8007', '2018-06-29 06:05:55', '2016-04-09 05:13:22');
INSERT INTO `users` (`id`, `first_name`, `last_name`, `email`, `phone`, `created_at`, `updated_at`) VALUES (40, 'Edythe', 'Johns', 'bergstrom.brigitte@example.net', '+48(1)6175718731', '2019-08-03 04:37:26', '2014-01-21 13:27:55');
INSERT INTO `users` (`id`, `first_name`, `last_name`, `email`, `phone`, `created_at`, `updated_at`) VALUES (41, 'Oliver', 'Borer', 'aileen.howell@example.com', '1-617-515-4244x55313', '2013-12-14 05:14:56', '2013-08-12 01:28:00');
INSERT INTO `users` (`id`, `first_name`, `last_name`, `email`, `phone`, `created_at`, `updated_at`) VALUES (42, 'Cameron', 'Batz', 'ahane@example.com', '(863)963-1044', '2016-05-06 22:29:28', '2012-10-27 16:59:22');
INSERT INTO `users` (`id`, `first_name`, `last_name`, `email`, `phone`, `created_at`, `updated_at`) VALUES (43, 'Virginia', 'Mitchell', 'xdare@example.net', '1-497-617-7772x754', '2019-12-03 17:12:44', '2013-09-29 09:53:23');
INSERT INTO `users` (`id`, `first_name`, `last_name`, `email`, `phone`, `created_at`, `updated_at`) VALUES (44, 'Merl', 'Abbott', 'breitenberg.merle@example.net', '091.916.3036x74113', '2017-06-28 02:16:43', '2019-08-22 02:08:56');
INSERT INTO `users` (`id`, `first_name`, `last_name`, `email`, `phone`, `created_at`, `updated_at`) VALUES (45, 'Elian', 'Miller', 'odaugherty@example.net', '+61(1)0168803084', '2015-12-13 11:04:23', '2016-04-20 23:08:25');
INSERT INTO `users` (`id`, `first_name`, `last_name`, `email`, `phone`, `created_at`, `updated_at`) VALUES (46, 'Earl', 'Kerluke', 'stanton.hickle@example.org', '1-272-876-7935x87180', '2016-11-10 17:02:51', '2018-11-24 19:04:53');
INSERT INTO `users` (`id`, `first_name`, `last_name`, `email`, `phone`, `created_at`, `updated_at`) VALUES (47, 'Saige', 'Connelly', 'domenick03@example.com', '1-740-857-8339', '2013-06-12 15:20:42', '2015-05-11 13:58:40');
INSERT INTO `users` (`id`, `first_name`, `last_name`, `email`, `phone`, `created_at`, `updated_at`) VALUES (48, 'Kariane', 'Ziemann', 'ahansen@example.net', '+70(9)0536830454', '2015-04-16 13:42:22', '2020-01-26 22:32:42');
INSERT INTO `users` (`id`, `first_name`, `last_name`, `email`, `phone`, `created_at`, `updated_at`) VALUES (49, 'Westley', 'Langworth', 'jayson.gerhold@example.org', '09842985268', '2012-12-15 08:37:45', '2016-05-21 23:24:56');
INSERT INTO `users` (`id`, `first_name`, `last_name`, `email`, `phone`, `created_at`, `updated_at`) VALUES (50, 'Judah', 'Stiedemann', 'eveline62@example.org', '04889022561', '2018-02-16 07:38:42', '2013-12-27 01:05:22');
INSERT INTO `users` (`id`, `first_name`, `last_name`, `email`, `phone`, `created_at`, `updated_at`) VALUES (51, 'Cristina', 'Runolfsdottir', 'parisian.destinee@example.org', '+03(2)8812920620', '2015-02-07 22:24:11', '2013-04-10 06:50:41');
INSERT INTO `users` (`id`, `first_name`, `last_name`, `email`, `phone`, `created_at`, `updated_at`) VALUES (52, 'Xavier', 'Dietrich', 'kub.bernard@example.net', '1-052-938-2021x05748', '2012-09-27 22:29:40', '2014-12-21 12:37:48');
INSERT INTO `users` (`id`, `first_name`, `last_name`, `email`, `phone`, `created_at`, `updated_at`) VALUES (53, 'Elta', 'Conn', 'london.dooley@example.net', '(417)386-7992x870', '2016-05-16 12:10:26', '2019-09-05 02:03:20');
INSERT INTO `users` (`id`, `first_name`, `last_name`, `email`, `phone`, `created_at`, `updated_at`) VALUES (54, 'Friedrich', 'McDermott', 'brody72@example.org', '636-316-6003', '2018-04-07 22:42:16', '2017-08-19 22:44:00');
INSERT INTO `users` (`id`, `first_name`, `last_name`, `email`, `phone`, `created_at`, `updated_at`) VALUES (55, 'Ofelia', 'Reichert', 'runolfsson.lia@example.org', '394.803.8319x2062', '2019-11-18 05:05:59', '2014-11-19 16:32:40');
INSERT INTO `users` (`id`, `first_name`, `last_name`, `email`, `phone`, `created_at`, `updated_at`) VALUES (56, 'Leanna', 'Grimes', 'dooley.jerad@example.com', '+38(6)5581618328', '2015-01-03 14:17:19', '2016-08-23 08:14:15');
INSERT INTO `users` (`id`, `first_name`, `last_name`, `email`, `phone`, `created_at`, `updated_at`) VALUES (57, 'Arnaldo', 'Swaniawski', 'ruecker.amina@example.org', '(393)424-1616', '2017-12-14 23:58:17', '2013-07-05 04:24:27');
INSERT INTO `users` (`id`, `first_name`, `last_name`, `email`, `phone`, `created_at`, `updated_at`) VALUES (58, 'Rahsaan', 'Fahey', 'morton14@example.org', '457.325.6944x6754', '2014-08-17 18:04:13', '2013-06-14 21:57:03');
INSERT INTO `users` (`id`, `first_name`, `last_name`, `email`, `phone`, `created_at`, `updated_at`) VALUES (59, 'Antonio', 'Goodwin', 'garnet34@example.net', '01303195284', '2017-02-05 01:09:03', '2016-07-16 04:11:49');
INSERT INTO `users` (`id`, `first_name`, `last_name`, `email`, `phone`, `created_at`, `updated_at`) VALUES (60, 'Elta', 'Hickle', 'gjohnson@example.com', '(824)331-4116', '2016-05-30 19:50:27', '2013-11-02 16:03:02');
INSERT INTO `users` (`id`, `first_name`, `last_name`, `email`, `phone`, `created_at`, `updated_at`) VALUES (61, 'Lavinia', 'Hilll', 'towne.winnifred@example.com', '(490)147-5963x4332', '2012-06-06 02:51:48', '2013-12-29 11:06:14');
INSERT INTO `users` (`id`, `first_name`, `last_name`, `email`, `phone`, `created_at`, `updated_at`) VALUES (62, 'Carli', 'Lockman', 'celia.weimann@example.com', '498.108.1334', '2017-01-02 00:57:54', '2014-07-28 01:48:35');
INSERT INTO `users` (`id`, `first_name`, `last_name`, `email`, `phone`, `created_at`, `updated_at`) VALUES (63, 'Zora', 'Swift', 'brice.hamill@example.net', '403-274-1007', '2018-01-29 23:22:59', '2012-07-24 18:27:53');
INSERT INTO `users` (`id`, `first_name`, `last_name`, `email`, `phone`, `created_at`, `updated_at`) VALUES (64, 'Ronaldo', 'Price', 'al59@example.com', '00925906440', '2015-03-25 05:22:48', '2019-07-05 21:30:52');
INSERT INTO `users` (`id`, `first_name`, `last_name`, `email`, `phone`, `created_at`, `updated_at`) VALUES (65, 'Pete', 'Turner', 'raynor.liliana@example.net', '817.458.5252', '2017-11-10 14:32:01', '2017-04-25 05:19:01');
INSERT INTO `users` (`id`, `first_name`, `last_name`, `email`, `phone`, `created_at`, `updated_at`) VALUES (66, 'Name', 'McKenzie', 'dejah.schaden@example.org', '1-830-564-2776', '2013-07-21 01:52:05', '2016-08-01 21:09:27');
INSERT INTO `users` (`id`, `first_name`, `last_name`, `email`, `phone`, `created_at`, `updated_at`) VALUES (67, 'Damien', 'Hammes', 'predovic.demario@example.com', '+64(0)6431508420', '2019-12-30 21:00:12', '2018-07-26 00:15:14');
INSERT INTO `users` (`id`, `first_name`, `last_name`, `email`, `phone`, `created_at`, `updated_at`) VALUES (68, 'Lambert', 'Christiansen', 'littel.leo@example.com', '(754)352-0714x580', '2019-11-12 08:33:53', '2013-01-15 17:48:24');
INSERT INTO `users` (`id`, `first_name`, `last_name`, `email`, `phone`, `created_at`, `updated_at`) VALUES (69, 'Shannon', 'Flatley', 'gdietrich@example.net', '1-170-408-6468', '2013-11-29 20:27:20', '2016-06-22 03:16:02');
INSERT INTO `users` (`id`, `first_name`, `last_name`, `email`, `phone`, `created_at`, `updated_at`) VALUES (70, 'Laverne', 'Bauch', 'amonahan@example.net', '661.980.7674x762', '2015-11-28 19:45:26', '2017-09-07 23:29:15');
INSERT INTO `users` (`id`, `first_name`, `last_name`, `email`, `phone`, `created_at`, `updated_at`) VALUES (71, 'Meda', 'Becker', 'lmurazik@example.org', '(252)782-8148x99477', '2018-03-11 19:03:57', '2018-06-09 16:15:08');
INSERT INTO `users` (`id`, `first_name`, `last_name`, `email`, `phone`, `created_at`, `updated_at`) VALUES (72, 'Gayle', 'Johns', 'mgrimes@example.net', '+78(7)1860970630', '2018-05-12 20:50:00', '2018-09-19 11:49:21');
INSERT INTO `users` (`id`, `first_name`, `last_name`, `email`, `phone`, `created_at`, `updated_at`) VALUES (73, 'Duncan', 'Gibson', 'awaelchi@example.org', '985.012.4441x2641', '2020-03-21 00:33:10', '2015-04-11 12:20:18');
INSERT INTO `users` (`id`, `first_name`, `last_name`, `email`, `phone`, `created_at`, `updated_at`) VALUES (74, 'Rey', 'Bins', 'gleichner.lea@example.com', '009.997.2227', '2012-06-29 22:05:38', '2015-09-05 16:16:48');
INSERT INTO `users` (`id`, `first_name`, `last_name`, `email`, `phone`, `created_at`, `updated_at`) VALUES (75, 'Virginia', 'Nader', 'elvera.bahringer@example.org', '(778)910-7780', '2018-01-11 21:16:21', '2019-11-03 20:03:59');
INSERT INTO `users` (`id`, `first_name`, `last_name`, `email`, `phone`, `created_at`, `updated_at`) VALUES (76, 'Nathen', 'Strosin', 'dicki.liliana@example.org', '02520439979', '2013-02-20 00:13:46', '2018-12-22 22:32:31');
INSERT INTO `users` (`id`, `first_name`, `last_name`, `email`, `phone`, `created_at`, `updated_at`) VALUES (77, 'Maia', 'Renner', 'ckunze@example.net', '(387)048-2261x282', '2018-03-15 21:00:24', '2020-02-11 22:12:35');
INSERT INTO `users` (`id`, `first_name`, `last_name`, `email`, `phone`, `created_at`, `updated_at`) VALUES (78, 'Gracie', 'Kreiger', 'gottlieb.talia@example.net', '04299917516', '2019-01-09 05:36:15', '2014-10-28 12:29:00');
INSERT INTO `users` (`id`, `first_name`, `last_name`, `email`, `phone`, `created_at`, `updated_at`) VALUES (79, 'Aryanna', 'Donnelly', 'phammes@example.net', '(327)496-0574x58381', '2015-01-25 23:43:45', '2017-04-14 21:40:36');
INSERT INTO `users` (`id`, `first_name`, `last_name`, `email`, `phone`, `created_at`, `updated_at`) VALUES (80, 'Desiree', 'Homenick', 'cdach@example.net', '(388)601-9044x87911', '2017-01-30 02:55:06', '2019-09-01 06:27:17');
INSERT INTO `users` (`id`, `first_name`, `last_name`, `email`, `phone`, `created_at`, `updated_at`) VALUES (81, 'Vickie', 'Luettgen', 'magali12@example.org', '+79(2)9443883466', '2010-12-03 06:39:16', '2019-01-19 09:01:15');
INSERT INTO `users` (`id`, `first_name`, `last_name`, `email`, `phone`, `created_at`, `updated_at`) VALUES (82, 'Blaze', 'Breitenberg', 'dbuckridge@example.org', '535-934-6998x117', '2015-02-19 16:21:56', '2015-02-02 09:40:11');
INSERT INTO `users` (`id`, `first_name`, `last_name`, `email`, `phone`, `created_at`, `updated_at`) VALUES (83, 'Arlo', 'Pouros', 'lesley17@example.net', '664-384-1467', '2010-07-18 20:59:55', '2011-06-04 14:36:07');
INSERT INTO `users` (`id`, `first_name`, `last_name`, `email`, `phone`, `created_at`, `updated_at`) VALUES (84, 'Einar', 'Wehner', 'mabelle74@example.net', '782-209-0898x6365', '2014-06-09 18:09:21', '2010-06-12 11:56:24');
INSERT INTO `users` (`id`, `first_name`, `last_name`, `email`, `phone`, `created_at`, `updated_at`) VALUES (85, 'Lacy', 'Schowalter', 'mitchell.madison@example.com', '986-247-4328x781', '2011-05-01 17:51:36', '2015-09-19 20:10:12');
INSERT INTO `users` (`id`, `first_name`, `last_name`, `email`, `phone`, `created_at`, `updated_at`) VALUES (86, 'Elton', 'Dare', 'theo65@example.net', '1-520-248-3290', '2010-06-10 08:17:14', '2020-02-15 15:31:52');
INSERT INTO `users` (`id`, `first_name`, `last_name`, `email`, `phone`, `created_at`, `updated_at`) VALUES (87, 'Kavon', 'Fahey', 'lesch.nicolas@example.org', '883-869-8081x0386', '2011-01-21 16:01:20', '2011-01-12 17:59:17');
INSERT INTO `users` (`id`, `first_name`, `last_name`, `email`, `phone`, `created_at`, `updated_at`) VALUES (88, 'Darron', 'Schoen', 'lenora.quitzon@example.org', '558.956.8512x17716', '2016-11-23 05:59:30', '2015-04-11 06:38:21');
INSERT INTO `users` (`id`, `first_name`, `last_name`, `email`, `phone`, `created_at`, `updated_at`) VALUES (89, 'Alexandra', 'Parisian', 'haley.abdullah@example.net', '(116)473-5748x223', '2014-10-01 18:06:00', '2013-12-21 16:39:51');
INSERT INTO `users` (`id`, `first_name`, `last_name`, `email`, `phone`, `created_at`, `updated_at`) VALUES (90, 'Kolby', 'Vandervort', 'swaters@example.org', '761-039-6169x6252', '2010-04-04 02:15:55', '2010-12-11 03:45:02');
INSERT INTO `users` (`id`, `first_name`, `last_name`, `email`, `phone`, `created_at`, `updated_at`) VALUES (91, 'Marvin', 'Turner', 'hromaguera@example.org', '952-594-3982x508', '2010-04-26 08:18:11', '2013-02-02 14:26:04');
INSERT INTO `users` (`id`, `first_name`, `last_name`, `email`, `phone`, `created_at`, `updated_at`) VALUES (92, 'Ward', 'Harvey', 'rippin.hershel@example.org', '1-343-612-4053x944', '2016-08-25 12:01:08', '2012-10-03 08:14:06');
INSERT INTO `users` (`id`, `first_name`, `last_name`, `email`, `phone`, `created_at`, `updated_at`) VALUES (93, 'Kavon', 'Hauck', 'alexie82@example.org', '238.203.9056x78037', '2019-02-18 19:54:13', '2018-07-22 01:15:22');
INSERT INTO `users` (`id`, `first_name`, `last_name`, `email`, `phone`, `created_at`, `updated_at`) VALUES (94, 'Alexys', 'Kessler', 'predovic.eugenia@example.net', '467-663-2417', '2011-02-04 06:06:52', '2011-08-09 18:30:59');
INSERT INTO `users` (`id`, `first_name`, `last_name`, `email`, `phone`, `created_at`, `updated_at`) VALUES (95, 'Lesley', 'Murray', 'rick89@example.org', '00750416448', '2018-07-24 06:59:32', '2010-06-19 14:20:31');
INSERT INTO `users` (`id`, `first_name`, `last_name`, `email`, `phone`, `created_at`, `updated_at`) VALUES (96, 'Lauretta', 'Ankunding', 'no\'kon@example.net', '694-948-8336x56495', '2015-05-13 11:54:29', '2015-10-20 23:43:03');
INSERT INTO `users` (`id`, `first_name`, `last_name`, `email`, `phone`, `created_at`, `updated_at`) VALUES (97, 'Dorthy', 'Hodkiewicz', 'isabella.konopelski@example.com', '673.209.8938', '2013-02-02 21:33:16', '2013-08-04 03:34:46');
INSERT INTO `users` (`id`, `first_name`, `last_name`, `email`, `phone`, `created_at`, `updated_at`) VALUES (98, 'Magali', 'Heaney', 'emery84@example.com', '512.795.9171', '2015-04-17 14:23:36', '2017-04-12 04:36:12');
INSERT INTO `users` (`id`, `first_name`, `last_name`, `email`, `phone`, `created_at`, `updated_at`) VALUES (99, 'Elta', 'Gleichner', 'christiansen.modesta@example.net', '1-016-589-8209x842', '2018-01-25 11:42:42', '2014-02-17 18:08:13');
INSERT INTO `users` (`id`, `first_name`, `last_name`, `email`, `phone`, `created_at`, `updated_at`) VALUES (100, 'Bailey', 'Swift', 'schoen.franz@example.org', '558-576-0688x77059', '2010-10-21 19:14:05', '2013-05-31 21:24:47');


