-- MySQL dump 10.13  Distrib 8.0.19, for Linux (x86_64)
--
-- Host: localhost    Database: vk
-- ------------------------------------------------------
-- Server version	8.0.19

/*!40101 SET @OLD_CHARACTER_SET_CLIENT=@@CHARACTER_SET_CLIENT */;
/*!40101 SET @OLD_CHARACTER_SET_RESULTS=@@CHARACTER_SET_RESULTS */;
/*!40101 SET @OLD_COLLATION_CONNECTION=@@COLLATION_CONNECTION */;
/*!50503 SET NAMES utf8mb4 */;
/*!40103 SET @OLD_TIME_ZONE=@@TIME_ZONE */;
/*!40103 SET TIME_ZONE='+00:00' */;
/*!40014 SET @OLD_UNIQUE_CHECKS=@@UNIQUE_CHECKS, UNIQUE_CHECKS=0 */;
/*!40014 SET @OLD_FOREIGN_KEY_CHECKS=@@FOREIGN_KEY_CHECKS, FOREIGN_KEY_CHECKS=0 */;
/*!40101 SET @OLD_SQL_MODE=@@SQL_MODE, SQL_MODE='NO_AUTO_VALUE_ON_ZERO' */;
/*!40111 SET @OLD_SQL_NOTES=@@SQL_NOTES, SQL_NOTES=0 */;

--
-- Table structure for table `communities`
--

DROP TABLE IF EXISTS `communities`;
/*!40101 SET @saved_cs_client     = @@character_set_client */;
/*!50503 SET character_set_client = utf8mb4 */;
CREATE TABLE `communities` (
  `id` int unsigned NOT NULL AUTO_INCREMENT,
  `name` varchar(150) CHARACTER SET utf8 COLLATE utf8_unicode_ci NOT NULL,
  PRIMARY KEY (`id`),
  UNIQUE KEY `name` (`name`)
) ENGINE=InnoDB AUTO_INCREMENT=101 DEFAULT CHARSET=utf8 COLLATE=utf8_unicode_ci;
/*!40101 SET character_set_client = @saved_cs_client */;

--
-- Dumping data for table `communities`
--

LOCK TABLES `communities` WRITE;
/*!40000 ALTER TABLE `communities` DISABLE KEYS */;
INSERT INTO `communities` VALUES (6,'assumenda'),(14,'consequatur'),(10,'consequuntur'),(11,'dolor'),(5,'dolores'),(3,'et'),(16,'fugiat'),(13,'in'),(20,'molestiae'),(15,'non'),(1,'pariatur'),(7,'perferendis'),(12,'quae'),(8,'quia'),(19,'quis'),(18,'reprehenderit'),(17,'sed'),(9,'tempore'),(2,'ut'),(4,'voluptatem');
/*!40000 ALTER TABLE `communities` ENABLE KEYS */;
UNLOCK TABLES;

--
-- Table structure for table `communities_users`
--

DROP TABLE IF EXISTS `communities_users`;
/*!40101 SET @saved_cs_client     = @@character_set_client */;
/*!50503 SET character_set_client = utf8mb4 */;
CREATE TABLE `communities_users` (
  `community_id` int unsigned NOT NULL,
  `user_id` int unsigned NOT NULL,
  PRIMARY KEY (`community_id`,`user_id`)
) ENGINE=InnoDB DEFAULT CHARSET=utf8 COLLATE=utf8_unicode_ci;
/*!40101 SET character_set_client = @saved_cs_client */;

--
-- Dumping data for table `communities_users`
--

LOCK TABLES `communities_users` WRITE;
/*!40000 ALTER TABLE `communities_users` DISABLE KEYS */;
INSERT INTO `communities_users` VALUES (1,18),(1,19),(1,23),(2,6),(2,26),(2,28),(2,35),(2,48),(3,1),(3,16),(3,20),(3,80),(3,98),(3,99),(4,14),(4,20),(4,27),(4,34),(4,36),(4,39),(4,80),(4,87),(5,3),(5,6),(5,13),(5,14),(5,21),(5,33),(6,1),(6,19),(6,49),(6,55),(6,59),(6,82),(6,83),(7,65),(7,86),(7,97),(8,6),(8,13),(8,19),(8,28),(8,61),(8,76),(8,81),(8,82),(9,5),(9,6),(9,28),(9,31),(9,33),(9,58),(9,89),(9,100),(10,11),(10,24),(10,43),(10,69),(11,44),(11,61),(11,82),(11,92),(12,3),(12,21),(12,23),(12,27),(12,30),(12,52),(13,4),(13,15),(13,48),(13,89),(14,30),(14,84),(15,19),(15,51),(15,56),(16,12),(16,22),(16,39),(16,45),(16,47),(16,69),(16,99),(17,23),(17,72),(18,81),(18,91),(18,94),(19,2),(19,6),(19,20),(19,31),(19,48),(19,71),(20,36),(20,49),(20,80),(20,86),(20,88);
/*!40000 ALTER TABLE `communities_users` ENABLE KEYS */;
UNLOCK TABLES;

--
-- Table structure for table `friendship`
--

DROP TABLE IF EXISTS `friendship`;
/*!40101 SET @saved_cs_client     = @@character_set_client */;
/*!50503 SET character_set_client = utf8mb4 */;
CREATE TABLE `friendship` (
  `user_id` int unsigned NOT NULL,
  `friend_id` int unsigned NOT NULL,
  `status_id` int unsigned NOT NULL,
  `requested_at` datetime DEFAULT CURRENT_TIMESTAMP,
  `confirmed_at` datetime DEFAULT NULL,
  PRIMARY KEY (`user_id`,`friend_id`)
) ENGINE=InnoDB DEFAULT CHARSET=utf8 COLLATE=utf8_unicode_ci;
/*!40101 SET character_set_client = @saved_cs_client */;

--
-- Dumping data for table `friendship`
--

LOCK TABLES `friendship` WRITE;
/*!40000 ALTER TABLE `friendship` DISABLE KEYS */;
INSERT INTO `friendship` VALUES (2,46,2,'2014-01-21 09:25:20','2020-04-02 20:57:53'),(2,76,3,'2018-07-18 02:00:48','2020-04-02 20:57:53'),(3,13,2,'2019-03-08 04:33:18','2019-06-28 22:18:02'),(3,38,2,'2019-04-08 01:50:47','2020-04-02 20:57:53'),(3,45,2,'2020-02-28 14:20:51','2020-04-02 20:57:53'),(5,30,2,'2019-09-27 05:43:15','2020-04-02 20:57:53'),(6,56,3,'2011-05-06 23:56:48','2014-03-01 02:06:55'),(8,7,2,'2015-04-03 13:56:39','2020-04-02 20:57:53'),(9,29,3,'2016-07-04 00:21:26','2018-08-30 06:20:56'),(9,49,3,'2014-02-24 15:12:51','2020-04-02 20:57:53'),(13,1,1,'2010-12-16 02:31:04','2018-01-17 19:28:25'),(16,24,2,'2015-12-31 04:16:10','2016-06-21 23:07:28'),(16,94,2,'2014-07-21 07:23:01','2020-04-02 20:57:53'),(17,80,3,'2020-01-24 22:48:26','2020-04-02 20:57:53'),(18,52,2,'2010-05-06 08:36:49','2010-11-25 18:47:13'),(18,86,1,'2015-09-03 00:36:12','2020-04-02 20:57:53'),(19,56,2,'2017-09-10 15:19:35','2020-04-02 20:57:53'),(21,57,2,'2010-08-23 17:05:11','2012-07-31 18:00:08'),(21,67,2,'2011-09-07 04:35:16','2015-01-12 01:39:04'),(22,1,2,'2017-05-21 19:06:39','2020-04-02 20:57:53'),(22,39,1,'2016-03-18 04:13:04','2018-06-03 11:49:43'),(22,81,2,'2013-03-21 01:11:47','2018-01-29 12:59:01'),(23,21,3,'2011-04-29 04:22:06','2020-04-02 20:57:53'),(23,29,2,'2013-01-11 05:06:34','2016-03-23 03:46:37'),(24,50,3,'2012-09-24 12:38:57','2014-05-01 14:54:09'),(26,63,3,'2012-11-02 21:26:23','2018-02-14 19:00:27'),(26,68,1,'2010-12-07 03:18:42','2014-02-20 08:56:48'),(27,48,1,'2011-09-27 23:47:21','2014-07-02 13:33:22'),(28,32,2,'2011-05-15 02:08:55','2019-10-27 12:25:16'),(28,37,2,'2014-07-13 05:19:20','2020-04-02 20:57:53'),(29,58,2,'2010-10-20 22:13:52','2020-02-09 00:28:15'),(30,68,1,'2012-08-19 10:21:52','2017-05-18 07:03:42'),(31,1,2,'2018-12-10 20:19:09','2020-04-02 20:57:53'),(31,36,2,'2016-11-15 19:15:53','2020-04-02 20:57:53'),(32,86,2,'2017-10-03 20:08:43','2019-02-02 20:36:30'),(34,99,1,'2013-04-01 07:50:00','2020-04-02 20:57:53'),(35,80,3,'2017-08-28 16:49:11','2020-04-02 20:57:53'),(36,49,3,'2015-08-11 17:18:26','2020-04-02 20:57:53'),(36,58,1,'2013-06-11 08:28:56','2014-07-27 12:29:05'),(36,91,3,'2018-09-03 12:01:01','2020-04-02 20:57:53'),(37,19,3,'2011-02-06 13:09:27','2018-03-26 06:40:24'),(37,68,3,'2014-03-08 02:30:58','2015-12-22 20:21:31'),(37,100,1,'2014-03-05 06:10:54','2019-05-04 05:51:59'),(38,6,2,'2016-08-02 10:46:04','2020-04-02 20:57:53'),(39,27,2,'2016-12-26 09:46:02','2019-08-16 18:41:58'),(41,1,3,'2017-12-16 04:53:33','2020-04-02 20:57:53'),(42,63,1,'2016-07-21 18:21:06','2020-04-02 20:57:53'),(43,67,3,'2019-09-08 09:38:51','2020-04-02 20:57:53'),(47,92,2,'2018-12-30 09:48:09','2020-04-02 20:57:53'),(48,97,3,'2019-09-24 13:22:58','2020-04-02 20:57:53'),(49,26,2,'2018-07-16 09:51:13','2019-12-07 21:32:11'),(51,2,1,'2017-06-23 22:15:41','2020-04-02 20:57:53'),(51,8,3,'2018-11-14 05:06:21','2020-04-02 20:57:53'),(51,47,1,'2019-06-29 03:31:15','2020-04-02 20:57:53'),(60,4,2,'2015-12-29 03:56:22','2020-04-02 20:57:53'),(60,24,1,'2012-09-03 13:13:39','2020-04-02 20:57:53'),(61,22,1,'2011-10-24 17:42:38','2015-07-09 00:06:33'),(62,11,2,'2017-12-10 16:05:19','2020-04-02 20:57:53'),(62,78,3,'2011-03-17 20:56:00','2014-10-23 00:33:32'),(65,64,3,'2015-02-25 01:22:22','2015-03-22 08:48:06'),(67,14,1,'2011-09-25 01:59:17','2020-04-02 20:57:53'),(67,96,1,'2018-10-03 23:42:51','2020-04-02 20:57:53'),(68,52,3,'2010-08-30 18:15:49','2018-04-25 19:24:50'),(71,69,3,'2017-07-22 00:11:44','2020-04-02 20:57:53'),(75,44,2,'2012-09-24 11:16:25','2020-02-22 04:19:44'),(75,59,3,'2015-11-19 23:16:25','2020-04-02 20:57:53'),(77,28,3,'2016-02-20 22:11:06','2017-02-28 13:03:27'),(78,35,2,'2018-10-03 01:17:46','2020-04-02 20:57:53'),(79,3,1,'2015-06-07 12:51:19','2020-04-02 20:57:53'),(79,32,1,'2012-07-07 15:14:00','2014-08-04 09:54:34'),(80,36,2,'2015-12-11 01:37:06','2020-04-02 20:57:53'),(81,79,1,'2013-11-09 17:44:56','2015-01-09 03:52:01'),(83,22,1,'2011-12-19 21:07:05','2016-05-11 03:41:37'),(84,42,3,'2016-06-20 06:42:56','2020-04-02 20:57:53'),(84,43,1,'2013-10-22 02:09:07','2018-03-21 16:31:47'),(84,79,1,'2017-12-26 22:15:05','2020-04-02 20:57:53'),(85,6,1,'2015-07-11 20:37:54','2020-04-02 20:57:53'),(85,86,3,'2017-04-29 02:41:49','2020-04-02 20:57:53'),(86,28,2,'2011-01-19 18:54:27','2018-11-17 04:05:25'),(87,8,1,'2018-06-11 16:48:17','2020-04-02 20:57:53'),(87,61,1,'2015-10-01 15:59:55','2020-04-02 20:57:53'),(89,64,2,'2016-09-17 08:22:26','2020-04-02 20:57:53'),(89,78,2,'2011-04-11 16:44:56','2020-04-02 20:57:53'),(90,23,3,'2018-07-09 02:39:42','2020-04-02 20:57:53'),(90,65,2,'2018-04-16 04:41:29','2020-04-02 20:57:53'),(90,99,1,'2015-11-24 12:45:14','2020-04-02 20:57:53'),(91,82,1,'2012-07-21 12:48:06','2018-02-02 18:31:16'),(91,83,2,'2017-05-04 03:38:10','2020-04-02 20:57:53'),(93,20,2,'2015-02-01 17:20:35','2020-04-02 20:57:53'),(94,62,3,'2017-12-31 23:39:47','2020-04-02 20:57:53'),(94,67,1,'2010-10-21 21:48:49','2017-02-25 03:34:00'),(94,70,2,'2010-10-29 21:16:09','2015-09-10 08:35:12'),(94,90,2,'2013-03-25 07:29:43','2016-05-23 10:46:16'),(95,69,3,'2017-10-07 00:10:07','2020-04-02 20:57:53'),(96,4,3,'2015-01-07 15:43:44','2020-04-02 20:57:53'),(96,16,1,'2017-02-26 07:14:23','2020-04-02 20:57:53'),(96,74,2,'2017-03-01 15:47:15','2020-04-02 20:57:53'),(96,86,1,'2011-08-11 22:57:09','2020-02-19 16:12:35'),(96,91,1,'2012-03-15 18:46:50','2019-01-18 05:13:39'),(98,97,3,'2010-04-26 06:29:43','2016-02-06 16:30:36');
/*!40000 ALTER TABLE `friendship` ENABLE KEYS */;
UNLOCK TABLES;

--
-- Table structure for table `friendship_statuses`
--

DROP TABLE IF EXISTS `friendship_statuses`;
/*!40101 SET @saved_cs_client     = @@character_set_client */;
/*!50503 SET character_set_client = utf8mb4 */;
CREATE TABLE `friendship_statuses` (
  `id` int unsigned NOT NULL AUTO_INCREMENT,
  `name` varchar(150) CHARACTER SET utf8 COLLATE utf8_unicode_ci NOT NULL,
  PRIMARY KEY (`id`),
  UNIQUE KEY `name` (`name`)
) ENGINE=InnoDB AUTO_INCREMENT=4 DEFAULT CHARSET=utf8 COLLATE=utf8_unicode_ci;
/*!40101 SET character_set_client = @saved_cs_client */;

--
-- Dumping data for table `friendship_statuses`
--

LOCK TABLES `friendship_statuses` WRITE;
/*!40000 ALTER TABLE `friendship_statuses` DISABLE KEYS */;
INSERT INTO `friendship_statuses` VALUES (2,'Confirmed'),(3,'Rejected'),(1,'Requested');
/*!40000 ALTER TABLE `friendship_statuses` ENABLE KEYS */;
UNLOCK TABLES;

--
-- Table structure for table `media`
--

DROP TABLE IF EXISTS `media`;
/*!40101 SET @saved_cs_client     = @@character_set_client */;
/*!50503 SET character_set_client = utf8mb4 */;
CREATE TABLE `media` (
  `id` int unsigned NOT NULL AUTO_INCREMENT,
  `media_type_id` int unsigned NOT NULL,
  `user_id` int unsigned NOT NULL,
  `file_path` varchar(255) CHARACTER SET utf8 COLLATE utf8_unicode_ci NOT NULL,
  `size` int NOT NULL,
  `metadata` json DEFAULT NULL,
  `created_at` datetime DEFAULT CURRENT_TIMESTAMP,
  `updated_at` datetime DEFAULT CURRENT_TIMESTAMP ON UPDATE CURRENT_TIMESTAMP,
  PRIMARY KEY (`id`)
) ENGINE=InnoDB AUTO_INCREMENT=101 DEFAULT CHARSET=utf8 COLLATE=utf8_unicode_ci;
/*!40101 SET character_set_client = @saved_cs_client */;

--
-- Dumping data for table `media`
--

LOCK TABLES `media` WRITE;
/*!40000 ALTER TABLE `media` DISABLE KEYS */;
INSERT INTO `media` VALUES (1,2,30,'http://dropbox.ru/vk/file_363374',1715631,'{\"owner\": \"Crystel Johnson\"}','2018-06-26 19:13:23','2020-04-02 20:53:16'),(2,1,30,'http://dropbox.ru/vk/file_184987',6566711,'{\"owner\": \"Crystel Johnson\"}','2012-05-07 15:49:51','2016-05-24 07:56:18'),(3,2,98,'http://dropbox.ru/vk/file_834710',7586666,'{\"owner\": \"Magali Heaney\"}','2010-08-02 10:09:00','2019-02-22 07:26:01'),(4,2,4,'http://dropbox.ru/vk/file_618890',8133200,'{\"owner\": \"Rico Haley\"}','2011-02-01 23:34:56','2012-10-30 01:00:56'),(5,3,21,'http://dropbox.ru/vk/file_590323',7806007,'{\"owner\": \"Marjolaine Bergstrom\"}','2018-05-10 01:38:15','2020-04-02 20:53:16'),(6,3,70,'http://dropbox.ru/vk/file_95044',4530435,'{\"owner\": \"Laverne Bauch\"}','2011-11-19 23:48:25','2020-03-28 17:26:42'),(7,2,72,'http://dropbox.ru/vk/file_704048',9134156,'{\"owner\": \"Gayle Johns\"}','2012-01-06 18:17:27','2016-06-02 08:27:01'),(8,3,42,'http://dropbox.ru/vk/file_235409',1979478,'{\"owner\": \"Cameron Batz\"}','2017-11-20 16:18:52','2020-04-02 20:53:16'),(9,2,57,'http://dropbox.ru/vk/file_64802',2394923,'{\"owner\": \"Arnaldo Swaniawski\"}','2012-08-04 19:38:55','2014-11-11 15:33:46'),(10,3,45,'http://dropbox.ru/vk/file_617680',5936184,'{\"owner\": \"Elian Miller\"}','2015-10-08 23:08:19','2020-04-02 20:53:16'),(11,2,4,'http://dropbox.ru/vk/file_894196',2396155,'{\"owner\": \"Rico Haley\"}','2015-06-30 23:10:17','2017-09-17 11:47:26'),(12,2,45,'http://dropbox.ru/vk/file_618142',4072223,'{\"owner\": \"Elian Miller\"}','2017-11-25 19:43:30','2020-04-02 20:53:16'),(13,1,10,'http://dropbox.ru/vk/file_408123',3072654,'{\"owner\": \"Angeline Wolff\"}','2013-02-02 23:42:45','2014-04-21 07:54:43'),(14,2,73,'http://dropbox.ru/vk/file_186186',3046604,'{\"owner\": \"Duncan Gibson\"}','2015-02-19 10:26:47','2020-04-02 20:53:16'),(15,1,86,'http://dropbox.ru/vk/file_706459',5915057,'{\"owner\": \"Elton Dare\"}','2014-11-18 19:11:29','2017-07-02 02:06:58'),(16,1,50,'http://dropbox.ru/vk/file_973939',335477,'{\"owner\": \"Judah Stiedemann\"}','2019-09-26 05:08:21','2020-04-02 20:53:16'),(17,1,37,'http://dropbox.ru/vk/file_750518',3832215,'{\"owner\": \"Brisa Satterfield\"}','2014-05-18 06:32:02','2016-12-06 15:16:46'),(18,3,66,'http://dropbox.ru/vk/file_830774',8054648,'{\"owner\": \"Name McKenzie\"}','2017-06-06 21:07:25','2020-04-02 20:53:16'),(19,2,34,'http://dropbox.ru/vk/file_902416',8676598,'{\"owner\": \"Bridgette Ankunding\"}','2019-05-12 16:09:37','2020-04-02 20:53:16'),(20,3,7,'http://dropbox.ru/vk/file_19959',9119050,'{\"owner\": \"Maryjane Yost\"}','2012-10-10 04:31:25','2016-01-27 14:27:43'),(21,2,53,'http://dropbox.ru/vk/file_392243',9465456,'{\"owner\": \"Elta Conn\"}','2014-09-02 09:23:57','2019-07-22 18:13:21'),(22,3,92,'http://dropbox.ru/vk/file_901440',9870134,'{\"owner\": \"Ward Harvey\"}','2010-11-19 13:56:21','2011-04-25 11:05:18'),(23,1,52,'http://dropbox.ru/vk/file_330773',854305,'{\"owner\": \"Xavier Dietrich\"}','2011-03-02 03:28:59','2016-06-02 19:32:05'),(24,1,68,'http://dropbox.ru/vk/file_949343',4561123,'{\"owner\": \"Lambert Christiansen\"}','2013-11-07 05:59:23','2018-12-05 04:01:01'),(25,1,1,'http://dropbox.ru/vk/file_754698',142702,'{\"owner\": \"Wyman Hettinger\"}','2014-08-21 21:46:41','2020-04-02 20:53:16'),(26,1,56,'http://dropbox.ru/vk/file_925462',6930141,'{\"owner\": \"Leanna Grimes\"}','2015-11-04 17:46:23','2019-11-09 13:47:58'),(27,1,65,'http://dropbox.ru/vk/file_363415',4122603,'{\"owner\": \"Pete Turner\"}','2019-03-15 09:19:22','2020-04-02 20:53:16'),(28,3,8,'http://dropbox.ru/vk/file_40589',9722593,'{\"owner\": \"Burdette Labadie\"}','2010-04-04 12:08:56','2011-01-15 06:56:46'),(29,3,63,'http://dropbox.ru/vk/file_112597',6145163,'{\"owner\": \"Zora Swift\"}','2019-05-26 04:37:35','2020-04-02 20:53:16'),(30,3,76,'http://dropbox.ru/vk/file_441217',1458035,'{\"owner\": \"Nathen Strosin\"}','2018-04-28 22:28:57','2019-05-14 08:34:16'),(31,2,87,'http://dropbox.ru/vk/file_868394',8754687,'{\"owner\": \"Kavon Fahey\"}','2012-10-14 13:15:02','2016-05-19 12:25:58'),(32,1,63,'http://dropbox.ru/vk/file_18622',9299336,'{\"owner\": \"Zora Swift\"}','2018-09-21 15:33:58','2020-04-02 20:53:16'),(33,1,3,'http://dropbox.ru/vk/file_487623',132622,'{\"owner\": \"Katheryn Steuber\"}','2010-11-21 00:50:00','2014-06-13 13:11:50'),(34,1,58,'http://dropbox.ru/vk/file_382453',2665102,'{\"owner\": \"Rahsaan Fahey\"}','2016-11-22 02:11:00','2020-04-02 20:53:16'),(35,2,98,'http://dropbox.ru/vk/file_449395',2827645,'{\"owner\": \"Magali Heaney\"}','2019-09-17 00:12:43','2020-04-02 20:53:16'),(36,2,92,'http://dropbox.ru/vk/file_99715',6042923,'{\"owner\": \"Ward Harvey\"}','2012-11-02 05:20:12','2018-08-25 06:09:29'),(37,2,41,'http://dropbox.ru/vk/file_150291',1631682,'{\"owner\": \"Oliver Borer\"}','2019-11-09 01:15:42','2020-04-02 20:53:16'),(38,3,74,'http://dropbox.ru/vk/file_452310',9929643,'{\"owner\": \"Rey Bins\"}','2018-06-03 23:25:05','2020-04-02 20:53:16'),(39,3,17,'http://dropbox.ru/vk/file_810775',4653174,'{\"owner\": \"Ashton Bogan\"}','2013-06-16 22:29:50','2017-07-18 08:04:35'),(40,2,99,'http://dropbox.ru/vk/file_697146',3376941,'{\"owner\": \"Elta Gleichner\"}','2013-03-13 20:36:33','2015-06-12 11:48:26'),(41,1,52,'http://dropbox.ru/vk/file_53506',2825185,'{\"owner\": \"Xavier Dietrich\"}','2016-02-22 03:50:39','2020-04-02 20:53:16'),(42,2,22,'http://dropbox.ru/vk/file_175889',3895105,'{\"owner\": \"Thalia Watsica\"}','2019-02-08 02:44:02','2020-04-02 20:53:16'),(43,1,55,'http://dropbox.ru/vk/file_718927',899974,'{\"owner\": \"Ofelia Reichert\"}','2015-09-07 20:07:39','2017-08-04 13:40:08'),(44,1,91,'http://dropbox.ru/vk/file_67269',2714553,'{\"owner\": \"Marvin Turner\"}','2016-04-06 19:50:45','2020-04-02 20:53:16'),(45,1,8,'http://dropbox.ru/vk/file_179364',772847,'{\"owner\": \"Burdette Labadie\"}','2016-10-15 19:09:33','2020-04-02 20:53:16'),(46,2,65,'http://dropbox.ru/vk/file_695010',5620577,'{\"owner\": \"Pete Turner\"}','2019-12-23 11:34:33','2020-04-02 20:53:16'),(47,3,91,'http://dropbox.ru/vk/file_937160',5684349,'{\"owner\": \"Marvin Turner\"}','2017-10-02 17:35:37','2018-10-18 01:54:53'),(48,1,17,'http://dropbox.ru/vk/file_600972',1460014,'{\"owner\": \"Ashton Bogan\"}','2011-08-31 15:50:04','2018-10-13 09:11:15'),(49,3,56,'http://dropbox.ru/vk/file_193380',147024,'{\"owner\": \"Leanna Grimes\"}','2017-06-05 09:12:54','2017-08-27 15:35:50'),(50,3,31,'http://dropbox.ru/vk/file_163882',6255080,'{\"owner\": \"Janelle Crooks\"}','2017-03-28 03:47:41','2020-04-02 20:53:16'),(51,2,39,'http://dropbox.ru/vk/file_239271',734334,'{\"owner\": \"Dana Bosco\"}','2018-03-20 12:29:48','2020-04-02 20:53:16'),(52,1,3,'http://dropbox.ru/vk/file_704708',4806430,'{\"owner\": \"Katheryn Steuber\"}','2018-09-19 22:23:47','2020-04-02 20:53:16'),(53,3,6,'http://dropbox.ru/vk/file_805930',1729153,'{\"owner\": \"Leann Stoltenberg\"}','2012-08-08 08:59:52','2020-04-02 20:53:16'),(54,3,70,'http://dropbox.ru/vk/file_915624',4126473,'{\"owner\": \"Laverne Bauch\"}','2017-05-25 10:42:20','2018-04-27 04:25:13'),(55,1,16,'http://dropbox.ru/vk/file_160533',5344908,'{\"owner\": \"Crawford Pfeffer\"}','2016-02-07 06:58:32','2019-05-14 16:46:33'),(56,3,39,'http://dropbox.ru/vk/file_55591',4245127,'{\"owner\": \"Dana Bosco\"}','2015-04-18 22:07:51','2016-09-02 01:33:40'),(57,3,23,'http://dropbox.ru/vk/file_796255',5090912,'{\"owner\": \"Vaughn Prosacco\"}','2019-03-25 05:04:39','2020-04-02 20:53:16'),(58,2,84,'http://dropbox.ru/vk/file_814804',2619180,'{\"owner\": \"Einar Wehner\"}','2012-09-28 06:11:15','2019-01-06 04:51:48'),(59,3,88,'http://dropbox.ru/vk/file_685355',7723168,'{\"owner\": \"Darron Schoen\"}','2017-10-08 07:09:48','2020-04-02 20:53:16'),(60,3,94,'http://dropbox.ru/vk/file_982362',658302,'{\"owner\": \"Alexys Kessler\"}','2013-02-03 09:11:05','2015-07-03 13:52:41'),(61,3,41,'http://dropbox.ru/vk/file_855949',10022005,'{\"owner\": \"Oliver Borer\"}','2017-01-26 09:55:05','2019-11-09 07:22:42'),(62,2,90,'http://dropbox.ru/vk/file_332758',8035124,'{\"owner\": \"Kolby Vandervort\"}','2015-05-13 00:09:17','2018-05-24 22:25:25'),(63,1,85,'http://dropbox.ru/vk/file_95841',10009608,'{\"owner\": \"Lacy Schowalter\"}','2017-08-20 06:51:02','2019-02-08 01:58:01'),(64,1,25,'http://dropbox.ru/vk/file_480830',5842670,'{\"owner\": \"Andres Orn\"}','2013-01-21 19:13:52','2020-04-02 20:53:16'),(65,2,81,'http://dropbox.ru/vk/file_116828',9084529,'{\"owner\": \"Vickie Luettgen\"}','2017-04-29 07:30:10','2020-04-02 20:53:16'),(66,2,94,'http://dropbox.ru/vk/file_141547',7794639,'{\"owner\": \"Alexys Kessler\"}','2017-06-10 04:36:22','2020-04-02 20:53:16'),(67,1,77,'http://dropbox.ru/vk/file_357251',1619611,'{\"owner\": \"Maia Renner\"}','2019-07-10 23:48:52','2020-04-02 20:53:16'),(68,3,97,'http://dropbox.ru/vk/file_361715',4614135,'{\"owner\": \"Dorthy Hodkiewicz\"}','2017-02-27 22:40:29','2017-05-19 21:09:10'),(69,3,72,'http://dropbox.ru/vk/file_736823',8111847,'{\"owner\": \"Gayle Johns\"}','2012-09-26 01:02:10','2017-04-29 05:36:51'),(70,2,4,'http://dropbox.ru/vk/file_599169',6616835,'{\"owner\": \"Rico Haley\"}','2018-01-18 20:23:42','2020-04-02 20:53:16'),(71,3,35,'http://dropbox.ru/vk/file_785378',8648633,'{\"owner\": \"Kirsten Hodkiewicz\"}','2017-01-16 17:54:42','2020-04-02 20:53:16'),(72,2,55,'http://dropbox.ru/vk/file_129584',3292664,'{\"owner\": \"Ofelia Reichert\"}','2013-08-15 20:25:57','2016-07-15 05:05:32'),(73,2,2,'http://dropbox.ru/vk/file_291583',417421,'{\"owner\": \"Camila Romaguera\"}','2011-01-15 11:43:50','2013-11-18 19:16:06'),(74,2,34,'http://dropbox.ru/vk/file_69262',2109114,'{\"owner\": \"Bridgette Ankunding\"}','2018-04-25 22:53:18','2020-04-02 20:53:16'),(75,3,14,'http://dropbox.ru/vk/file_471463',9193309,'{\"owner\": \"Allan Schneider\"}','2017-12-02 18:33:57','2020-04-02 20:53:16'),(76,1,86,'http://dropbox.ru/vk/file_149728',9539207,'{\"owner\": \"Elton Dare\"}','2013-03-12 15:39:01','2013-12-04 06:19:09'),(77,2,85,'http://dropbox.ru/vk/file_334150',10016111,'{\"owner\": \"Lacy Schowalter\"}','2015-07-12 08:42:09','2017-11-05 18:39:56'),(78,3,85,'http://dropbox.ru/vk/file_221668',1362939,'{\"owner\": \"Lacy Schowalter\"}','2013-04-20 13:03:55','2016-10-22 09:37:33'),(79,3,81,'http://dropbox.ru/vk/file_105888',6666361,'{\"owner\": \"Vickie Luettgen\"}','2013-10-07 00:33:09','2014-07-01 05:55:56'),(80,1,10,'http://dropbox.ru/vk/file_864336',9142990,'{\"owner\": \"Angeline Wolff\"}','2010-07-20 05:12:59','2016-01-01 16:40:53'),(81,2,64,'http://dropbox.ru/vk/file_4421',5615874,'{\"owner\": \"Ronaldo Price\"}','2019-04-11 01:14:07','2020-04-02 20:53:16'),(82,1,79,'http://dropbox.ru/vk/file_428790',550399,'{\"owner\": \"Aryanna Donnelly\"}','2012-02-18 19:11:57','2014-05-02 08:00:51'),(83,2,99,'http://dropbox.ru/vk/file_130891',5804373,'{\"owner\": \"Elta Gleichner\"}','2018-01-27 11:20:40','2020-04-02 20:53:16'),(84,3,23,'http://dropbox.ru/vk/file_367981',7270671,'{\"owner\": \"Vaughn Prosacco\"}','2015-07-11 10:09:17','2020-04-02 20:53:16'),(85,3,42,'http://dropbox.ru/vk/file_447334',8840239,'{\"owner\": \"Cameron Batz\"}','2015-01-30 04:55:38','2017-11-17 02:33:32'),(86,1,58,'http://dropbox.ru/vk/file_132827',2289187,'{\"owner\": \"Rahsaan Fahey\"}','2017-04-22 11:38:54','2020-04-02 20:53:16'),(87,3,69,'http://dropbox.ru/vk/file_322034',4825216,'{\"owner\": \"Shannon Flatley\"}','2012-03-23 03:59:19','2020-04-02 20:53:16'),(88,1,34,'http://dropbox.ru/vk/file_211787',7158524,'{\"owner\": \"Bridgette Ankunding\"}','2013-12-28 16:07:39','2018-02-05 05:03:38'),(89,3,52,'http://dropbox.ru/vk/file_92833',1216976,'{\"owner\": \"Xavier Dietrich\"}','2014-06-26 19:03:37','2014-08-03 05:37:44'),(90,3,61,'http://dropbox.ru/vk/file_828703',4509308,'{\"owner\": \"Lavinia Hilll\"}','2018-11-20 13:40:20','2020-04-02 20:53:16'),(91,2,95,'http://dropbox.ru/vk/file_865319',8795613,'{\"owner\": \"Lesley Murray\"}','2019-07-21 03:24:30','2020-04-02 20:53:16'),(92,2,18,'http://dropbox.ru/vk/file_840584',350145,'{\"owner\": \"Nicola Cummings\"}','2013-09-08 04:41:09','2020-04-02 20:53:16'),(93,3,21,'http://dropbox.ru/vk/file_607065',5263884,'{\"owner\": \"Marjolaine Bergstrom\"}','2019-01-03 22:58:57','2020-04-02 20:53:16'),(94,1,49,'http://dropbox.ru/vk/file_513573',5168990,'{\"owner\": \"Westley Langworth\"}','2015-06-06 11:38:51','2020-04-02 20:53:16'),(95,1,11,'http://dropbox.ru/vk/file_746670',9953302,'{\"owner\": \"Zakary Hyatt\"}','2017-03-10 02:00:50','2020-04-02 20:53:16'),(96,2,61,'http://dropbox.ru/vk/file_192832',4159542,'{\"owner\": \"Lavinia Hilll\"}','2010-07-25 06:53:29','2016-06-22 23:38:22'),(97,3,62,'http://dropbox.ru/vk/file_723947',837806,'{\"owner\": \"Carli Lockman\"}','2019-03-31 04:22:19','2020-04-02 20:53:16'),(98,2,15,'http://dropbox.ru/vk/file_41542',1610403,'{\"owner\": \"Jarrett Hilll\"}','2010-11-07 00:32:40','2020-04-02 20:53:16'),(99,2,16,'http://dropbox.ru/vk/file_35667',5438601,'{\"owner\": \"Crawford Pfeffer\"}','2016-05-19 04:41:02','2020-04-02 20:53:16'),(100,2,30,'http://dropbox.ru/vk/file_53710',2261800,'{\"owner\": \"Crystel Johnson\"}','2012-01-28 20:12:05','2015-10-26 14:53:04');
/*!40000 ALTER TABLE `media` ENABLE KEYS */;
UNLOCK TABLES;

--
-- Table structure for table `media_types`
--

DROP TABLE IF EXISTS `media_types`;
/*!40101 SET @saved_cs_client     = @@character_set_client */;
/*!50503 SET character_set_client = utf8mb4 */;
CREATE TABLE `media_types` (
  `id` int unsigned NOT NULL AUTO_INCREMENT,
  `name` varchar(255) CHARACTER SET utf8 COLLATE utf8_unicode_ci NOT NULL,
  PRIMARY KEY (`id`),
  UNIQUE KEY `name` (`name`)
) ENGINE=InnoDB AUTO_INCREMENT=4 DEFAULT CHARSET=utf8 COLLATE=utf8_unicode_ci;
/*!40101 SET character_set_client = @saved_cs_client */;

--
-- Dumping data for table `media_types`
--

LOCK TABLES `media_types` WRITE;
/*!40000 ALTER TABLE `media_types` DISABLE KEYS */;
INSERT INTO `media_types` VALUES (1,' audio'),(3,' video'),(2,'photo');
/*!40000 ALTER TABLE `media_types` ENABLE KEYS */;
UNLOCK TABLES;

--
-- Table structure for table `messages`
--

DROP TABLE IF EXISTS `messages`;
/*!40101 SET @saved_cs_client     = @@character_set_client */;
/*!50503 SET character_set_client = utf8mb4 */;
CREATE TABLE `messages` (
  `id` int unsigned NOT NULL AUTO_INCREMENT,
  `from_user_id` int unsigned NOT NULL,
  `to_user_id` int unsigned NOT NULL,
  `body` text CHARACTER SET utf8 COLLATE utf8_unicode_ci NOT NULL,
  `is_important` tinyint(1) DEFAULT NULL,
  `is_delivered` tinyint(1) DEFAULT NULL,
  `created_at` datetime DEFAULT CURRENT_TIMESTAMP,
  PRIMARY KEY (`id`)
) ENGINE=InnoDB AUTO_INCREMENT=101 DEFAULT CHARSET=utf8 COLLATE=utf8_unicode_ci;
/*!40101 SET character_set_client = @saved_cs_client */;

--
-- Dumping data for table `messages`
--

LOCK TABLES `messages` WRITE;
/*!40000 ALTER TABLE `messages` DISABLE KEYS */;
INSERT INTO `messages` VALUES (1,38,46,'Dicta fuga labore aut inventore. Modi dignissimos eos sunt et fuga et. Dolores consequatur quia aut ducimus.\nQuaerat reiciendis fuga quam. Error occaecati id impedit omnis.',1,0,'2016-09-17 08:20:30'),(2,39,81,'Non at odio consequatur tenetur esse voluptatibus. Voluptates tempore autem ipsum sed magnam sit. Et ut ad fuga. Eos placeat hic porro est ut sed.',1,1,'2011-01-13 21:19:34'),(3,57,79,'Ab animi tenetur minus pariatur nulla. Sapiente ut qui ratione esse et nulla. Neque qui voluptate recusandae repellendus molestiae. Adipisci nihil eius quo saepe eos corrupti provident.',1,0,'2017-02-01 04:44:13'),(4,78,47,'Enim rerum dolorem unde ipsum itaque voluptatem. Eum alias pariatur enim. Pariatur rerum quas deserunt tenetur quas doloribus. Autem dolorem dolor molestiae repellendus voluptas dignissimos.',0,1,'2012-02-15 07:59:46'),(5,10,64,'Quasi veritatis pariatur sapiente magni. Quia consequuntur ut veritatis sapiente quis in vitae.',1,1,'2011-01-18 19:33:37'),(6,16,30,'Sunt rerum aperiam et possimus voluptate quia alias. Voluptates unde assumenda quia sit mollitia natus ab aut. Soluta molestiae labore quis sed ea sit. Odio magnam voluptas et at.',1,1,'2017-04-21 00:04:52'),(7,93,96,'Voluptate odio natus qui accusantium. Et eos debitis rerum. Minima fugiat quidem harum et autem quis. Ea eveniet maiores nobis iste.',1,1,'2015-09-25 06:03:04'),(8,20,25,'Modi earum repellat id tempore repellat. Cum magnam aspernatur voluptates veniam non explicabo. Commodi quae velit tempora nihil aut dicta minus. Quaerat molestiae odit iusto tempora.',1,0,'2018-02-16 19:05:22'),(9,30,85,'Perspiciatis qui velit incidunt est ut autem possimus esse. Nihil eligendi saepe et aut repellendus hic.',0,1,'2013-05-24 03:32:29'),(10,66,14,'Quisquam in ratione error rerum. Fugit corrupti expedita et. Ut unde qui ea maxime iure ea iste.',1,1,'2010-10-06 13:00:49'),(11,79,39,'Nisi a quaerat repellendus ut aut non rerum est. Sit vero consequuntur magni dolorem nostrum. Adipisci officia voluptates explicabo nobis et nihil ut impedit. Itaque ad minima sit quibusdam sapiente.',0,0,'2014-11-15 23:14:29'),(12,100,35,'Quam debitis minus sequi. Nihil error cumque sed voluptas. Enim architecto minus consequuntur nihil.',0,1,'2012-12-12 04:43:27'),(13,57,24,'Quis et harum consequuntur animi. Reiciendis tenetur nostrum enim aut voluptates. Pariatur voluptas omnis omnis blanditiis cumque vitae debitis dignissimos. Ut modi dolorem vitae.',1,1,'2010-09-22 06:04:18'),(14,80,57,'Est id ipsa assumenda et animi et. Totam excepturi iusto quibusdam hic autem. Ullam et fuga voluptas et. Debitis nihil dignissimos optio dolor nam modi dolores.',1,0,'2016-12-03 17:56:44'),(15,61,40,'Eaque incidunt earum porro aliquam dolorem quia quos. Vel eum officia eum in quis qui. Nam pariatur dolore laboriosam.',1,1,'2017-10-23 06:29:20'),(16,58,99,'Nulla molestiae minus magnam tempore sed non ut. Quod nostrum ullam quis quas ut. Non cupiditate tenetur incidunt facilis ut rerum molestiae. Ipsam et quo quos earum.',1,1,'2013-08-25 23:28:17'),(17,85,97,'Sint placeat reiciendis repudiandae et molestias deleniti. Enim in facere minima blanditiis reprehenderit facere asperiores. Maxime est dolorem expedita nobis beatae a consequatur.',1,1,'2016-01-29 02:40:28'),(18,80,42,'Occaecati et error velit voluptatum. Doloribus non earum incidunt eum. Est qui omnis dolores natus odio quia.',1,0,'2013-12-16 06:06:46'),(19,75,57,'Non error voluptatibus culpa dolores. Aut tenetur sit inventore vel. Quos est aspernatur praesentium.',1,1,'2017-02-17 04:01:51'),(20,89,84,'Maiores cumque possimus ipsa atque. Debitis vel distinctio alias quibusdam dolores id repudiandae sequi. Voluptatibus placeat possimus aliquam et quas.',1,1,'2013-05-29 02:07:55'),(21,21,5,'Eos molestias nesciunt aliquid. Explicabo illo fuga molestiae itaque qui. Inventore vel aut quis iure quo.',0,0,'2019-11-03 16:09:22'),(22,13,14,'Dolorem velit ut nesciunt. Ad ducimus est provident ratione occaecati ad sint. Atque quia quo quos enim fugit aliquid quia.',1,1,'2017-06-17 21:03:08'),(23,100,33,'Rem velit minus perspiciatis necessitatibus ut. Voluptatem officia consequuntur cumque nulla id cum ut repellendus. Porro exercitationem nesciunt sed aut. Quod veniam sunt et voluptates.',1,0,'2016-05-31 14:28:38'),(24,38,29,'Modi saepe quos non distinctio eveniet ratione. Provident optio quis sapiente fugit et quasi qui. Quia quos occaecati quo dolores amet dignissimos dolorem.',0,1,'2012-04-06 19:14:01'),(25,17,4,'Minus aut rerum ex eligendi. Architecto praesentium optio iusto dolores. Repudiandae fugit repellendus molestias molestias.',1,0,'2014-11-05 00:24:11'),(26,43,96,'In qui temporibus fugit excepturi qui asperiores nihil. Enim natus rerum fugiat nostrum.',1,0,'2014-01-09 14:02:21'),(27,42,42,'Placeat cupiditate quod cupiditate exercitationem sequi quidem aliquid. Eos minus quasi animi non voluptas repellat ipsum aliquam.',0,1,'2013-08-16 10:32:17'),(28,31,98,'Pariatur explicabo rem amet aut quia. Sunt molestias ea aliquam nobis corporis aliquam. Dicta tempore unde officiis ratione sapiente dicta.',1,0,'2014-07-27 15:38:11'),(29,66,10,'Laboriosam rerum iure voluptatem expedita. Porro voluptatem eos perferendis eos veniam voluptatum.',0,1,'2019-09-19 18:56:58'),(30,55,26,'Voluptas mollitia quo facere accusantium. Ullam voluptatibus nulla harum reiciendis molestias esse. Voluptate harum et dolorem molestias maxime.',0,1,'2010-12-05 10:16:20'),(31,50,12,'Eum quae magnam et quam. Totam dolor assumenda alias dolores et molestiae. Aut omnis assumenda iste cum et quo.',1,1,'2017-05-21 20:14:49'),(32,25,34,'Vel sed occaecati fugit molestiae magnam reprehenderit. Rerum voluptas dolores facilis officia eum tempore et. Occaecati dolor tenetur dignissimos molestiae. Quo id omnis ut ut.',1,0,'2018-02-21 07:09:44'),(33,8,4,'Omnis in totam quis autem. Atque atque neque tempore distinctio facere et. Deleniti qui distinctio praesentium voluptates cupiditate vero et.',0,0,'2019-04-15 00:28:38'),(34,76,83,'Ut doloremque similique eligendi et similique et est. Commodi quia sequi consequatur officiis. Sint ut ut inventore laudantium cum ipsam aut. Ut qui consequuntur aspernatur.',0,1,'2015-07-11 10:42:47'),(35,61,65,'Voluptate ea ut impedit odit. Repudiandae sequi nostrum sit qui sint nihil sit. Porro et similique provident doloribus. Sit praesentium blanditiis tempora enim.',1,0,'2015-08-07 09:56:53'),(36,66,82,'Non fugit est repudiandae et magni quibusdam corporis qui. Nisi quibusdam sint omnis neque consectetur repudiandae magnam.',0,1,'2013-09-11 22:54:51'),(37,69,79,'Animi qui maxime aut. Necessitatibus quia aut inventore facere quaerat. Expedita reprehenderit qui excepturi ut necessitatibus. Sit qui facere fugit deserunt.',1,1,'2017-04-05 22:44:33'),(38,95,68,'Maiores qui voluptas aut velit eveniet quo numquam consequatur. Quibusdam omnis perferendis debitis ad rerum. Eum corrupti sit iusto. Beatae quia non quia aut aut soluta est.',1,1,'2017-01-04 22:45:27'),(39,11,32,'Est eos temporibus reiciendis placeat rerum. Rem est quos aut officiis ut ab et. Iste omnis dolore corrupti aut molestiae quae incidunt consequatur.',0,1,'2012-03-08 19:00:14'),(40,97,28,'Et voluptates modi maiores recusandae quos et voluptate deleniti. Veniam quia deleniti in eos et. Exercitationem qui veniam asperiores nisi.',1,0,'2013-09-11 10:10:58'),(41,36,39,'Velit minus fugiat exercitationem illo voluptatum fuga aperiam. Nemo ex voluptas a officiis consectetur eveniet accusamus. Qui aut et deserunt iste enim.',0,1,'2014-06-23 10:42:35'),(42,23,77,'Expedita doloribus impedit labore et. Voluptatem fugiat rerum enim voluptatem nihil id suscipit. Quis reprehenderit dolor sed unde velit voluptatem nihil.',0,0,'2012-02-10 23:44:09'),(43,81,53,'Nam aliquam dolor quas nihil consequatur sint voluptas sequi. Deleniti quis id eum blanditiis impedit praesentium. Qui enim quis enim modi ad iusto quas.',1,0,'2010-05-26 03:01:02'),(44,75,46,'Blanditiis reprehenderit omnis aut inventore distinctio et. Voluptatum molestiae omnis quo sequi beatae. Qui sunt minima nesciunt. Mollitia inventore rerum ea amet exercitationem qui.',1,0,'2017-08-22 13:46:33'),(45,63,30,'Qui expedita maiores vero optio molestiae. Quam non non quaerat doloribus et voluptas labore. Dolor enim incidunt rem.',0,0,'2014-06-24 07:20:30'),(46,72,12,'In ut dolores in saepe. Occaecati eos unde officia a ratione et. Rerum consequatur corporis a velit voluptas. Minus qui cumque cum.',0,0,'2013-06-25 08:09:16'),(47,41,97,'Iure ea dolore id illo harum. Magnam molestias enim autem dicta sit praesentium. Expedita cumque ducimus architecto ea in laboriosam. Omnis accusantium velit vel non iure non.',1,1,'2011-09-13 06:52:14'),(48,46,49,'Aut provident sint ex dolore quaerat eos. Aut iusto ea id inventore odio et veritatis. Sint est ullam modi repellat.',1,1,'2010-12-07 02:31:49'),(49,100,22,'Deserunt et molestiae perferendis. Nemo et est ab quia qui molestiae.',0,1,'2017-10-16 17:47:51'),(50,31,61,'Id illum quasi molestiae labore. Sed dicta iste officiis maxime. Aliquam similique in est est ratione.',0,0,'2018-11-12 19:28:58'),(51,86,97,'Quas in dolor hic quis amet voluptatem aperiam. Eum ut officia earum molestias deserunt iusto. Praesentium accusantium amet quo et vel maiores.',0,1,'2017-12-17 19:32:31'),(52,42,55,'Deserunt id cum nostrum. Enim inventore possimus quae quo sint eveniet velit. Natus voluptates aperiam ad porro. In ipsa quas quam vitae ut animi.',1,1,'2013-03-29 22:57:13'),(53,75,37,'In distinctio rerum et accusantium. Rerum ad laudantium repudiandae voluptatem sit quo est. Blanditiis explicabo molestias occaecati quod ex porro.',1,0,'2019-12-22 00:35:33'),(54,23,85,'Maxime nihil facilis culpa consequatur ullam necessitatibus rem. Magnam reiciendis deserunt et cupiditate aut qui eos est. Magnam perferendis veniam occaecati ut et.',0,0,'2014-07-11 17:19:01'),(55,69,20,'Officia voluptas voluptate molestias ipsa ipsam soluta et. Eum et velit velit sunt quia ipsum. Ea deserunt officia labore ipsum eius beatae.',0,1,'2012-06-22 15:43:00'),(56,12,4,'Maxime soluta impedit perspiciatis maxime est laboriosam sint voluptates. Ut magnam qui placeat tempore non sunt. Non voluptatum sunt dolor rerum laborum molestiae.',1,0,'2010-07-30 00:54:47'),(57,58,35,'Quis voluptatum libero qui delectus velit voluptatum. Est mollitia ut et rem nesciunt eaque laboriosam. Aliquid perspiciatis fugiat ullam facilis.',1,1,'2018-07-11 10:05:51'),(58,80,39,'Culpa at consequatur at vel ex tenetur numquam dolorem. Corrupti nihil quia dolorum eaque mollitia explicabo. Quis provident voluptatem nemo quia nesciunt sapiente. Illum eaque in ipsa eligendi amet.',1,1,'2016-02-15 02:04:46'),(59,88,55,'Quam fuga fugiat perferendis reprehenderit alias et enim. Tempora eaque asperiores tempora quia. Possimus et iusto at quae qui et. Amet quis quis doloremque. Ut nihil qui dolorem.',0,0,'2014-11-21 20:42:46'),(60,84,51,'Est labore debitis deleniti sit molestiae cumque fugiat. Modi laborum atque rerum architecto. Omnis in harum omnis quaerat rem unde. Illo est ut sequi iure magnam.',0,1,'2014-08-06 04:52:27'),(61,84,56,'Eaque excepturi incidunt ex quia. Quae est tenetur ea ex minus minima qui et. Sunt veniam non id. At perspiciatis animi ea quidem fugit omnis deserunt.',0,1,'2013-06-17 20:38:33'),(62,63,25,'A saepe aut perferendis fugit animi illum cum. Inventore distinctio expedita est. Voluptas voluptas minima atque sequi voluptatem dignissimos voluptas praesentium.',0,1,'2016-02-07 11:18:14'),(63,52,9,'Tempore explicabo qui facilis hic. Est corporis adipisci facere unde. Reprehenderit ratione asperiores nobis eum laboriosam eos quo. Ut cumque consectetur est minus numquam.',0,1,'2014-02-09 10:13:04'),(64,73,52,'Corporis velit molestiae dolorum iure officia. Labore quibusdam veniam beatae. Quia et non esse consectetur adipisci repellendus.',1,1,'2019-08-04 02:48:11'),(65,31,4,'Officiis nesciunt beatae maiores architecto sed. Enim aut magni et expedita tenetur impedit aperiam. Similique culpa fugiat nisi qui. Recusandae illum esse vitae ipsa quibusdam.',0,0,'2019-02-09 00:56:17'),(66,12,17,'Aut tenetur odit error iusto. Eius et non excepturi aut saepe illo. Harum dicta quos omnis inventore non aut. Dolores est sunt quisquam dolorem aliquam laborum.',0,0,'2016-09-20 14:59:18'),(67,100,54,'Reprehenderit beatae velit natus. Consequatur impedit culpa ipsum. Sed culpa ut illo praesentium quia temporibus. Necessitatibus beatae aspernatur omnis in rem odio quo.',0,1,'2011-03-06 21:50:59'),(68,71,75,'Quibusdam fugit qui consequatur vel architecto. Magni omnis voluptas omnis molestiae. At et et repudiandae eaque neque voluptatum. Sint laudantium incidunt et asperiores sunt sed ducimus quis.',0,0,'2013-11-18 11:39:07'),(69,90,93,'Ut qui dolorem ea sed voluptatum eum occaecati. Ut voluptatum ex laboriosam quibusdam consequatur dolorum. Nobis repellat quam consequatur et dolores.',0,0,'2015-05-20 00:32:48'),(70,59,58,'Veritatis nobis quia molestiae et maxime. Totam rerum sunt necessitatibus eos et modi aperiam. Occaecati necessitatibus possimus facere. Iusto qui placeat ut cumque dolorem dolor aut.',1,1,'2010-04-19 05:39:08'),(71,13,71,'Ut sunt sunt omnis ullam dicta sit. Ipsa officia velit a sint pariatur inventore molestiae. Perferendis veniam mollitia maxime accusamus quam ut.',1,0,'2015-03-13 11:58:51'),(72,61,70,'Rerum omnis distinctio voluptatem voluptatibus consequatur. Accusamus et molestias enim et. Nemo beatae eos et voluptatem. Suscipit reprehenderit id dicta omnis quia.',1,1,'2015-09-30 19:49:41'),(73,6,41,'Molestias libero provident perferendis delectus placeat aperiam. Consequatur cupiditate natus est rem commodi quis id. Dolorem rem qui modi vitae quos qui. Beatae expedita cum itaque distinctio.',1,0,'2016-10-13 02:12:36'),(74,9,94,'Distinctio qui explicabo qui et est et est id. Dolorem qui architecto consequatur ea itaque numquam. Sint quasi non optio est amet accusamus. Sapiente non voluptatem velit quisquam.',1,1,'2015-03-14 18:46:59'),(75,95,93,'Non molestiae rem est iusto quis reiciendis ut. Recusandae quos consectetur rerum voluptate est placeat ipsam. Ipsa qui ex voluptas provident.',1,0,'2016-08-09 22:05:15'),(76,44,79,'Quisquam consequatur sint facilis nihil corrupti at in. Minus quis qui dolores. Rerum optio illum maiores voluptatem. Reiciendis nemo sit harum eaque tempore quia temporibus.',1,0,'2014-08-23 21:26:41'),(77,48,7,'Aut explicabo occaecati doloremque repellendus autem fugiat. Qui hic itaque et in commodi ea. Sit eligendi dolorum omnis in quaerat iste.',0,1,'2017-04-07 02:31:59'),(78,3,99,'Voluptatibus veniam aut id quia dignissimos deleniti. Ad quisquam adipisci pariatur nihil. Nobis et ipsa quis officiis sunt delectus. Qui rerum eos soluta laboriosam et accusantium consequuntur.',1,0,'2019-10-30 14:24:32'),(79,15,76,'Porro labore exercitationem aut dolore aut. Suscipit ut quasi tempora sequi consequuntur aut. Sit ab beatae harum.',1,1,'2014-01-07 23:19:19'),(80,50,45,'Voluptatum aut dolores non iusto sequi distinctio. Sequi exercitationem et sunt aut. Voluptatibus ipsam voluptatibus temporibus aut. Ea quis iste et et.',1,1,'2016-08-27 08:22:06'),(81,79,62,'Deserunt deserunt autem rerum consectetur. Nesciunt asperiores quisquam sunt aut atque rerum.',0,1,'2017-07-07 08:34:40'),(82,61,79,'Quisquam ipsa sint quas aut et beatae et. Quae error omnis neque dolore. Et ut cupiditate qui molestias commodi.',0,0,'2014-12-18 20:12:38'),(83,15,32,'Quo alias quidem ea iusto aliquam. Qui est quod illum culpa voluptates at. Quasi minima tempore eaque quis unde. Possimus totam aut maxime eligendi.',0,0,'2015-01-20 00:19:40'),(84,54,5,'Perspiciatis suscipit vero consequatur earum amet. Assumenda nihil enim sit iusto dolores.',0,1,'2016-12-06 20:35:36'),(85,25,13,'Aspernatur consequatur sint rerum ea. Cumque soluta nisi voluptatem officia est sit. Laboriosam magnam sed laborum voluptatum. Maiores explicabo quo sed quasi et neque.',0,1,'2016-12-12 16:36:06'),(86,62,37,'Dolorum maxime temporibus ipsa fuga similique. Veritatis maiores nesciunt dolor est nobis. Quia praesentium ut alias vel incidunt.',1,1,'2018-05-14 21:50:42'),(87,83,23,'Amet laudantium dolores cumque rem et. Perspiciatis iste quas earum et. Quas qui inventore voluptas optio odio ex. Perferendis qui laudantium commodi sed voluptatem vero eaque quibusdam.',0,1,'2011-05-13 10:23:25'),(88,7,89,'Enim non eius corrupti et. Maxime dolorum voluptatum sed officia commodi.',1,1,'2017-04-15 03:20:36'),(89,63,15,'Aut autem est maxime iusto quidem. Quibusdam vel eaque nobis. Voluptas sit maiores repellat nihil eius praesentium beatae.',1,0,'2014-03-08 07:25:08'),(90,82,58,'Dolorum nulla animi rerum nobis quod. Quia repellat ipsam omnis explicabo ea tenetur temporibus. Esse delectus rerum sunt aut ut quasi aut.',1,1,'2015-10-05 22:26:20'),(91,7,26,'Quo iste numquam eum. Nihil quo est aliquid debitis et rem ipsum. Et eligendi aut autem ullam. Quia pariatur quo in doloremque ipsa culpa enim.',0,0,'2014-12-18 09:34:15'),(92,36,54,'Autem itaque voluptas occaecati repudiandae ratione. Exercitationem eos illo eius impedit fuga. Tenetur temporibus esse neque quia nisi.',1,0,'2011-11-28 15:35:02'),(93,32,38,'Qui ea fugit accusamus quidem ut et. Et et sit cupiditate sint ut consequatur. Tenetur aliquid perferendis alias ut dolores provident. Iste ipsa ut placeat qui earum.',0,0,'2015-05-26 12:10:02'),(94,53,46,'Adipisci aliquam aperiam non est amet nemo debitis. Quos voluptatum rerum optio voluptatem sit est eos sapiente.',1,1,'2019-05-30 02:24:38'),(95,13,3,'Sint sequi consequatur et et molestias temporibus. Nisi qui sapiente maxime recusandae quia molestiae. Hic nam iste optio fugiat non corrupti dolor.',0,0,'2015-08-25 22:33:16'),(96,91,92,'Deleniti itaque possimus commodi et est corrupti. Dolor suscipit velit quos ut. Soluta laboriosam et consequatur qui harum consequatur.',1,1,'2019-07-08 21:48:32'),(97,64,51,'Recusandae autem harum est voluptatem. Autem provident assumenda quia. Voluptatum eos cum doloribus soluta. Quia nesciunt illo sunt. Est provident laboriosam et nam a neque illum enim.',1,0,'2018-09-23 07:27:19'),(98,71,79,'Libero ipsum qui odio non velit amet id nostrum. Earum illum hic modi veniam odio.',0,1,'2013-01-01 10:53:22'),(99,83,24,'Voluptatum voluptates sed sed est maiores a. Itaque sed temporibus fugiat repellendus quae quo quibusdam consectetur.',1,1,'2015-01-01 17:41:55'),(100,83,7,'Vel cupiditate inventore deserunt dolores perferendis. Quam eos quis quos molestiae dolorem sunt minus. Autem cumque vel dicta quo voluptatem et. A consequuntur earum ducimus inventore vel.',0,0,'2019-08-21 06:50:21');
/*!40000 ALTER TABLE `messages` ENABLE KEYS */;
UNLOCK TABLES;

--
-- Table structure for table `profiles`
--

DROP TABLE IF EXISTS `profiles`;
/*!40101 SET @saved_cs_client     = @@character_set_client */;
/*!50503 SET character_set_client = utf8mb4 */;
CREATE TABLE `profiles` (
  `user_id` int unsigned NOT NULL,
  `gender` char(1) CHARACTER SET utf8 COLLATE utf8_unicode_ci NOT NULL,
  `birthday` date DEFAULT NULL,
  `city` varchar(100) CHARACTER SET utf8 COLLATE utf8_unicode_ci DEFAULT NULL,
  `country` varchar(100) CHARACTER SET utf8 COLLATE utf8_unicode_ci DEFAULT NULL,
  `photo_id` int unsigned NOT NULL,
  `created_at` datetime DEFAULT CURRENT_TIMESTAMP,
  `updated_at` datetime DEFAULT CURRENT_TIMESTAMP ON UPDATE CURRENT_TIMESTAMP,
  PRIMARY KEY (`user_id`)
) ENGINE=InnoDB DEFAULT CHARSET=utf8 COLLATE=utf8_unicode_ci;
/*!40101 SET character_set_client = @saved_cs_client */;

--
-- Dumping data for table `profiles`
--

LOCK TABLES `profiles` WRITE;
/*!40000 ALTER TABLE `profiles` DISABLE KEYS */;
INSERT INTO `profiles` VALUES (1,'f','1993-02-01','Jenkinsfurt','United Arab Emirates',9,'2017-07-21 05:17:07','2020-04-02 20:24:42'),(2,'f','2003-02-18','Osinskihaven','Turkey',48,'2014-08-01 15:52:27','2017-04-24 01:45:17'),(3,'f','1989-01-12','Hickleborough','Spain',66,'2014-06-19 06:48:52','2015-03-20 08:06:12'),(4,'f','1983-09-17','Harmonfort','United States of America',35,'2013-11-23 12:16:15','2017-07-17 02:56:37'),(5,'f','1984-10-27','Jadonview','Christmas Island',57,'2011-04-10 17:16:07','2015-01-29 22:16:30'),(6,'m','2019-06-11','Krisborough','Bermuda',91,'2016-09-07 09:48:11','2020-04-02 20:24:42'),(7,'f','1997-12-22','Alexbury','Heard Island and McDonald Islands',56,'2015-03-14 03:00:41','2020-04-02 20:24:42'),(8,'m','1984-09-07','Cruickshankchester','Bhutan',44,'2020-02-03 20:04:59','2020-04-02 20:24:42'),(9,'m','1995-09-23','Lake Dusty','Christmas Island',89,'2017-10-11 17:37:39','2020-04-02 20:24:42'),(10,'f','1980-01-30','North Evangeline','Cook Islands',46,'2018-07-28 08:17:47','2020-04-02 20:24:42'),(11,'f','1987-10-28','Ladariusport','Mayotte',58,'2014-10-20 13:01:22','2020-04-02 20:24:42'),(12,'f','1976-05-01','Liliantown','Estonia',28,'2016-07-09 22:01:21','2018-03-22 18:41:32'),(13,'f','1991-07-31','Whitetown','Bolivia',49,'2016-02-24 14:23:45','2016-09-12 00:07:26'),(14,'f','2009-10-01','Hudsonville','Slovenia',27,'2015-11-09 13:04:04','2020-04-02 20:24:42'),(15,'f','1975-06-17','Marvinton','Niue',50,'2017-05-11 23:42:22','2020-04-02 20:24:42'),(16,'f','2002-06-23','West Brayanview','Ecuador',65,'2011-10-17 07:07:37','2019-12-07 19:02:50'),(17,'m','2013-12-14','Micaelamouth','Belarus',79,'2018-06-18 20:03:34','2020-04-02 20:24:42'),(18,'f','1984-07-19','Robertmouth','Macedonia',99,'2013-11-05 15:34:52','2015-04-08 11:46:32'),(19,'m','2007-03-21','Maureenmouth','Gambia',78,'2011-08-11 16:27:01','2014-09-03 07:17:26'),(20,'m','1995-03-03','North Ofeliaton','Guam',94,'2012-09-07 15:55:53','2015-11-30 22:10:33'),(21,'m','1980-05-15','Wendyfort','Solomon Islands',5,'2018-06-03 14:38:11','2020-04-02 20:24:42'),(22,'m','1990-05-23','New Antoniettahaven','Ukraine',72,'2014-05-11 07:52:12','2018-11-12 09:19:37'),(23,'m','1984-12-15','South Reneechester','Egypt',24,'2018-04-02 10:18:28','2020-04-02 20:24:42'),(24,'m','1972-08-12','Wiegandfort','Yemen',94,'2012-08-14 19:44:14','2016-06-01 06:36:02'),(25,'f','1980-12-23','Lake Scotview','Guadeloupe',2,'2017-12-31 12:27:50','2020-03-08 13:57:50'),(26,'m','2007-03-27','West Valentin','Trinidad and Tobago',9,'2019-10-19 10:54:43','2020-04-02 20:24:42'),(27,'m','2020-02-28','Velvaville','United Kingdom',23,'2018-05-09 19:02:20','2020-04-02 20:24:42'),(28,'m','2012-04-05','Corkeryview','Kiribati',49,'2016-07-30 15:20:54','2016-11-18 14:07:32'),(29,'f','1988-11-21','Port Susanna','Iran',9,'2014-06-04 14:23:37','2020-04-02 20:24:42'),(30,'f','1990-10-01','Port Susanmouth','Lao People\'s Democratic Republic',22,'2011-01-28 14:38:45','2015-03-23 09:49:38'),(31,'f','2003-09-23','Mistyville','American Samoa',13,'2014-03-26 14:23:36','2019-10-21 19:51:28'),(32,'m','1990-02-02','Kylerville','Lithuania',18,'2019-02-12 15:41:20','2020-04-02 20:24:42'),(33,'m','2006-11-04','Cristfort','Pitcairn Islands',69,'2012-12-23 01:19:10','2020-04-02 20:24:42'),(34,'f','1997-01-30','Ortizborough','Saint Helena',79,'2011-03-20 08:00:53','2012-03-23 15:25:48'),(35,'f','1983-01-07','Reingerborough','Angola',52,'2011-07-21 05:05:56','2014-11-11 23:36:10'),(36,'m','1999-01-10','East Peggie','Cyprus',26,'2018-07-21 07:35:59','2020-04-02 20:24:42'),(37,'m','1972-04-03','West Kaelashire','Pakistan',69,'2018-10-14 06:35:54','2020-04-02 20:24:42'),(38,'f','1984-01-19','Albinaville','Montserrat',8,'2019-12-13 13:27:28','2020-04-02 20:24:42'),(39,'m','1972-05-03','New Madison','Seychelles',69,'2020-01-06 01:15:23','2020-04-02 20:24:42'),(40,'f','2001-07-04','Clairborough','United States Virgin Islands',57,'2012-03-18 06:06:21','2012-03-24 08:14:01'),(41,'m','2012-06-11','New Daren','South Georgia and the South Sandwich Islands',53,'2014-09-08 10:26:48','2020-04-02 20:24:42'),(42,'f','1997-09-01','Judystad','Montserrat',27,'2011-10-03 07:24:28','2017-06-17 20:56:13'),(43,'f','1970-01-09','Mariahfurt','Colombia',85,'2019-05-23 03:56:13','2020-04-02 20:24:42'),(44,'f','1992-08-29','Asiaberg','Guinea-Bissau',1,'2013-06-01 15:32:09','2013-07-18 09:02:05'),(45,'f','2018-12-03','East Tressastad','Grenada',53,'2010-11-13 14:53:34','2015-08-31 15:10:55'),(46,'m','1975-12-16','Dixiestad','Malawi',34,'2015-05-22 03:15:21','2016-07-03 10:31:51'),(47,'m','1984-12-24','Watsicaland','Niger',66,'2012-02-02 11:59:47','2013-12-07 00:19:36'),(48,'f','2007-06-12','Walkerfurt','Mali',32,'2014-06-24 06:33:53','2017-12-04 18:25:44'),(49,'m','1975-05-27','South Jordanland','Kyrgyz Republic',32,'2011-12-09 11:15:32','2020-02-21 23:49:22'),(50,'m','2000-02-10','West Webster','Australia',43,'2017-02-28 03:27:53','2020-03-01 18:14:58'),(51,'m','1998-06-18','Lilianeville','Guatemala',25,'2015-04-24 11:53:51','2020-02-10 13:18:11'),(52,'f','1992-04-23','Mullerland','Martinique',36,'2017-10-28 23:02:57','2020-04-02 20:24:42'),(53,'f','1989-12-21','Erikaport','Heard Island and McDonald Islands',15,'2013-12-30 09:30:57','2020-04-02 20:24:42'),(54,'m','1974-02-11','New Ahmad','Peru',49,'2012-05-10 09:05:00','2020-04-02 20:24:42'),(55,'m','2017-04-30','Port Deborah','France',30,'2012-09-16 16:02:38','2020-04-02 20:24:42'),(56,'f','2001-02-09','Cierramouth','Canada',16,'2013-04-16 14:20:10','2019-03-06 01:44:42'),(57,'f','2008-03-24','Lake Coltbury','Congo',57,'2010-04-11 08:39:08','2019-08-03 14:13:40'),(58,'f','2003-08-11','Lake Toy','Togo',52,'2015-09-20 21:15:31','2018-11-18 13:39:24'),(59,'m','1994-03-14','Bergstrombury','Malta',65,'2015-04-15 07:27:51','2020-04-02 20:24:42'),(60,'m','1985-12-23','Lake Robyn','Sierra Leone',66,'2011-03-08 08:12:35','2013-06-06 00:20:21'),(61,'m','1994-03-18','Mabelleland','Turkmenistan',73,'2013-06-06 10:49:43','2020-04-02 20:24:42'),(62,'f','2014-07-02','Port Audreannehaven','Sri Lanka',77,'2019-03-16 21:41:33','2020-04-02 20:24:42'),(63,'m','2017-12-19','New Dahlia','American Samoa',83,'2019-02-26 07:53:31','2020-04-02 20:24:42'),(64,'f','2003-11-22','Wernertown','Monaco',42,'2018-11-29 13:49:38','2020-04-02 20:24:42'),(65,'m','1975-03-27','Clementinafort','Antigua and Barbuda',56,'2018-10-22 04:17:08','2020-04-02 20:24:42'),(66,'f','2016-11-10','West Waldotown','Austria',35,'2014-12-09 08:34:24','2020-04-02 20:24:42'),(67,'m','2009-08-27','West Karinaside','Togo',68,'2013-05-02 15:00:07','2020-04-02 20:24:42'),(68,'m','1978-10-07','Turnerburgh','Madagascar',24,'2017-08-25 17:44:53','2020-04-02 20:24:42'),(69,'f','2008-03-29','Lefflerfurt','Nepal',42,'2014-04-24 21:17:00','2018-09-20 01:19:57'),(70,'f','1979-02-22','North Sageport','Kazakhstan',36,'2016-06-25 05:19:41','2020-04-02 20:24:42'),(71,'m','1971-11-24','South Antoniostad','Netherlands Antilles',81,'2016-09-20 22:11:48','2018-07-07 17:18:47'),(72,'f','1995-07-26','Carrollberg','Malta',95,'2013-07-25 02:28:30','2020-04-02 20:24:42'),(73,'m','2010-12-08','North Vidalmouth','Grenada',63,'2014-03-11 08:32:39','2015-11-23 16:56:48'),(74,'f','1986-07-11','Port Raquelville','Uganda',65,'2018-03-29 04:18:24','2020-04-02 20:24:42'),(75,'f','2010-02-16','West Kennith','Sweden',96,'2011-10-01 05:25:36','2018-03-08 17:58:30'),(76,'m','2008-03-04','Jovanishire','Sweden',15,'2012-04-02 15:56:21','2019-04-14 02:31:57'),(77,'f','2018-10-21','Lucyport','Lithuania',98,'2013-12-06 14:28:27','2018-02-15 06:31:11'),(78,'m','1989-02-24','Shawnstad','Latvia',61,'2010-04-14 04:16:34','2014-03-24 19:50:28'),(79,'f','2004-08-26','Koeppside','Falkland Islands (Malvinas)',47,'2013-02-26 22:28:35','2020-04-02 20:24:42'),(80,'f','1993-03-01','West Greenview','French Polynesia',30,'2011-08-09 00:37:42','2016-06-05 07:27:15'),(81,'f','2003-09-23','Enricomouth','Tunisia',4,'2018-02-19 14:58:28','2020-04-02 20:24:42'),(82,'m','1996-07-20','West Ena','Qatar',71,'2019-01-15 15:54:20','2020-04-02 20:24:42'),(83,'m','1975-07-02','Port Adriel','Taiwan',66,'2019-03-05 21:04:30','2020-04-02 20:24:42'),(84,'m','1977-07-24','New Eric','Antarctica (the territory South of 60 deg S)',18,'2010-11-21 01:46:51','2011-12-01 09:41:13'),(85,'m','1977-10-31','Barrettshire','Christmas Island',20,'2014-10-01 12:37:02','2018-09-07 11:25:05'),(86,'f','1995-03-27','Nienowfort','Nepal',95,'2015-05-18 06:12:30','2017-06-28 17:06:35'),(87,'m','1972-01-08','Daremouth','Libyan Arab Jamahiriya',34,'2018-02-05 01:24:52','2019-11-29 12:13:17'),(88,'m','1977-12-03','Lake Jess','Lesotho',77,'2013-04-06 05:11:11','2020-04-02 20:24:42'),(89,'m','1980-01-28','Melynaborough','Madagascar',47,'2014-10-23 11:18:13','2017-06-06 15:39:38'),(90,'m','1971-04-27','Port Elza','Ukraine',98,'2017-08-11 20:53:50','2020-04-02 20:24:42'),(91,'m','2012-10-08','Sheldonfurt','Guadeloupe',42,'2013-02-19 04:05:11','2018-09-24 21:11:31'),(92,'m','1975-09-20','Jacobsland','Netherlands',19,'2019-12-03 13:05:34','2020-04-02 20:24:42'),(93,'f','2017-09-01','Odessamouth','Mauritania',75,'2020-01-11 05:29:51','2020-04-02 20:24:42'),(94,'f','2000-08-24','North Reynoldfort','Palau',25,'2012-03-27 04:26:22','2019-06-11 17:34:50'),(95,'f','1992-12-16','North Janickville','Jamaica',61,'2014-11-12 19:48:40','2017-04-16 15:16:09'),(96,'m','1977-12-12','Port Jayview','Macao',30,'2019-10-05 01:43:26','2020-04-02 20:24:42'),(97,'m','1992-05-25','Lowellmouth','Iraq',60,'2015-06-26 14:34:53','2018-01-11 08:34:51'),(98,'f','1980-06-19','Benfurt','Barbados',28,'2015-11-06 20:24:17','2020-04-02 20:24:42'),(99,'f','1992-04-07','Leanneborough','Kyrgyz Republic',54,'2012-07-19 00:28:29','2020-04-02 20:24:42'),(100,'m','2010-06-27','Gutmannport','Vietnam',1,'2011-05-15 03:57:23','2018-01-06 01:47:37');
/*!40000 ALTER TABLE `profiles` ENABLE KEYS */;
UNLOCK TABLES;

--
-- Table structure for table `users`
--

DROP TABLE IF EXISTS `users`;
/*!40101 SET @saved_cs_client     = @@character_set_client */;
/*!50503 SET character_set_client = utf8mb4 */;
CREATE TABLE `users` (
  `id` int unsigned NOT NULL AUTO_INCREMENT,
  `first_name` varchar(100) CHARACTER SET utf8 COLLATE utf8_unicode_ci NOT NULL,
  `last_name` varchar(100) CHARACTER SET utf8 COLLATE utf8_unicode_ci NOT NULL,
  `email` varchar(120) CHARACTER SET utf8 COLLATE utf8_unicode_ci NOT NULL,
  `phone` varchar(20) COLLATE utf8_unicode_ci NOT NULL,
  `created_at` datetime DEFAULT CURRENT_TIMESTAMP,
  `updated_at` datetime DEFAULT CURRENT_TIMESTAMP ON UPDATE CURRENT_TIMESTAMP,
  PRIMARY KEY (`id`),
  UNIQUE KEY `email` (`email`),
  UNIQUE KEY `phone` (`phone`),
  UNIQUE KEY `phone_2` (`phone`),
  UNIQUE KEY `phone_3` (`phone`),
  UNIQUE KEY `phone_4` (`phone`),
  UNIQUE KEY `phone_5` (`phone`),
  UNIQUE KEY `phone_6` (`phone`),
  UNIQUE KEY `phone_7` (`phone`)
) ENGINE=InnoDB AUTO_INCREMENT=101 DEFAULT CHARSET=utf8 COLLATE=utf8_unicode_ci;
/*!40101 SET character_set_client = @saved_cs_client */;

--
-- Dumping data for table `users`
--

LOCK TABLES `users` WRITE;
/*!40000 ALTER TABLE `users` DISABLE KEYS */;
INSERT INTO `users` VALUES (1,'Wyman','Hettinger','tanderson@example.net','+87(6)4043602363','2014-11-11 21:20:28','2014-12-05 22:57:44'),(2,'Camila','Romaguera','krutherford@example.com','1-896-830-1720x4246','2012-11-15 00:13:46','2017-10-05 15:29:00'),(3,'Katheryn','Steuber','heath93@example.net','07444628671','2014-10-11 01:57:09','2020-04-02 20:24:41'),(4,'Rico','Haley','stroman.maegan@example.com','996-838-4877','2015-06-27 12:27:04','2020-04-02 20:24:41'),(5,'Lesly','Auer','satterfield.stella@example.com','104.883.4409x77541','2015-08-26 12:16:47','2020-04-02 20:24:41'),(6,'Leann','Stoltenberg','vance.paucek@example.com','020.773.4445','2016-06-03 23:30:08','2019-01-12 10:40:53'),(7,'Maryjane','Yost','noemi.wiza@example.org','1-814-448-1205x7571','2019-05-05 16:57:37','2020-04-02 20:24:41'),(8,'Burdette','Labadie','fgibson@example.com','1-884-374-4676x818','2010-11-13 08:30:19','2011-07-08 03:54:45'),(9,'Moises','Hilpert','hbeer@example.org','(790)080-7787x556','2019-01-16 23:45:08','2020-04-02 20:24:41'),(10,'Angeline','Wolff','hyatt.holden@example.net','05835622801','2012-03-16 13:29:39','2012-08-15 19:49:42'),(11,'Zakary','Hyatt','pearlie.braun@example.org','(830)751-5292','2015-06-11 05:04:09','2020-04-02 20:24:41'),(12,'Leta','Yost','hintz.russel@example.com','1-462-993-6709','2011-08-29 06:10:08','2016-09-14 10:19:32'),(13,'Katrine','Wiegand','jbrekke@example.com','(524)259-2658x79466','2016-05-29 05:32:17','2020-04-02 20:24:41'),(14,'Allan','Schneider','maritza10@example.com','+96(2)3364279833','2013-08-17 12:36:55','2014-09-26 08:47:26'),(15,'Jarrett','Hilll','kenna.zulauf@example.com','+29(3)6361563527','2013-03-26 04:06:29','2020-04-02 20:24:41'),(16,'Crawford','Pfeffer','feeney.einar@example.org','+82(6)1417644532','2018-06-23 06:40:47','2019-10-08 17:53:37'),(17,'Ashton','Bogan','chadrick17@example.net','012-718-4749','2013-05-02 19:46:16','2014-12-31 18:08:47'),(18,'Nicola','Cummings','granville.bashirian@example.org','(905)518-7585x19424','2011-12-19 04:17:09','2015-02-22 18:00:06'),(19,'Adele','Hegmann','ocormier@example.org','828-302-4644x288','2016-09-12 04:59:05','2020-03-07 14:04:00'),(20,'Easter','Wehner','fschmeler@example.com','961-174-1120','2012-03-12 04:31:16','2013-08-05 08:31:38'),(21,'Marjolaine','Bergstrom','enos29@example.net','522-277-8123x020','2016-05-09 13:41:40','2020-04-02 20:24:41'),(22,'Thalia','Watsica','sheldon70@example.net','860-051-6705x072','2014-12-12 18:45:19','2016-07-15 02:27:57'),(23,'Vaughn','Prosacco','kelli93@example.com','(645)599-5519','2018-09-24 04:36:52','2020-04-02 20:24:41'),(24,'Antonette','Champlin','amurphy@example.org','712.202.7811x6607','2013-06-16 19:30:57','2020-04-02 20:24:41'),(25,'Andres','Orn','ucasper@example.org','1-593-057-2727x788','2015-04-29 04:05:09','2019-10-28 07:44:33'),(26,'Luigi','Rowe','femmerich@example.com','(705)124-5905x17917','2020-03-30 12:26:44','2020-04-02 20:24:41'),(27,'Tomasa','Wilkinson','anastacio.wolff@example.org','1-731-476-3420x41693','2014-11-29 12:58:31','2015-05-27 11:06:24'),(28,'Reed','Stracke','graham.alicia@example.com','1-341-279-0791x49792','2015-10-16 03:24:13','2020-04-02 20:24:41'),(29,'Alvena','Auer','cstroman@example.org','1-607-947-1830','2018-12-18 21:40:37','2020-04-02 20:24:41'),(30,'Crystel','Johnson','imelda.hoeger@example.com','(478)670-7168','2018-12-20 08:46:15','2020-04-02 20:24:41'),(31,'Janelle','Crooks','jaycee06@example.org','1-760-069-8339','2010-12-11 13:37:17','2016-11-17 23:11:56'),(32,'Lafayette','Cruickshank','bailee95@example.org','187-472-8379','2019-10-17 06:21:29','2020-04-02 20:24:41'),(33,'Bernice','Collins','wayne95@example.com','935-164-1582','2015-05-16 08:01:19','2019-01-27 00:08:33'),(34,'Bridgette','Ankunding','buster47@example.net','945.146.1863','2011-01-31 23:26:25','2011-11-24 09:31:41'),(35,'Kirsten','Hodkiewicz','akeebler@example.com','(113)050-0965x1198','2015-09-15 09:29:34','2020-04-02 20:24:41'),(36,'Kelsie','Ebert','choppe@example.net','1-868-591-1533x47898','2012-08-19 11:07:14','2014-05-14 08:26:19'),(37,'Brisa','Satterfield','consuelo33@example.org','(037)304-4513x46875','2015-04-03 22:12:58','2020-04-02 20:24:41'),(38,'Rubie','Brown','abbott.rod@example.net','1-204-946-7545x59771','2015-03-31 22:33:16','2015-10-27 01:23:30'),(39,'Dana','Bosco','daniel.estevan@example.org','1-433-950-9868x8007','2018-06-29 06:05:55','2020-04-02 20:24:41'),(40,'Edythe','Johns','bergstrom.brigitte@example.net','+48(1)6175718731','2019-08-03 04:37:26','2020-04-02 20:24:41'),(41,'Oliver','Borer','aileen.howell@example.com','1-617-515-4244x55313','2013-12-14 05:14:56','2020-04-02 20:24:41'),(42,'Cameron','Batz','ahane@example.com','(863)963-1044','2016-05-06 22:29:28','2020-04-02 20:24:41'),(43,'Virginia','Mitchell','xdare@example.net','1-497-617-7772x754','2019-12-03 17:12:44','2020-04-02 20:24:41'),(44,'Merl','Abbott','breitenberg.merle@example.net','091.916.3036x74113','2017-06-28 02:16:43','2019-08-22 02:08:56'),(45,'Elian','Miller','odaugherty@example.net','+61(1)0168803084','2015-12-13 11:04:23','2016-04-20 23:08:25'),(46,'Earl','Kerluke','stanton.hickle@example.org','1-272-876-7935x87180','2016-11-10 17:02:51','2018-11-24 19:04:53'),(47,'Saige','Connelly','domenick03@example.com','1-740-857-8339','2013-06-12 15:20:42','2015-05-11 13:58:40'),(48,'Kariane','Ziemann','ahansen@example.net','+70(9)0536830454','2015-04-16 13:42:22','2020-01-26 22:32:42'),(49,'Westley','Langworth','jayson.gerhold@example.org','09842985268','2012-12-15 08:37:45','2016-05-21 23:24:56'),(50,'Judah','Stiedemann','eveline62@example.org','04889022561','2018-02-16 07:38:42','2020-04-02 20:24:41'),(51,'Cristina','Runolfsdottir','parisian.destinee@example.org','+03(2)8812920620','2015-02-07 22:24:11','2020-04-02 20:24:41'),(52,'Xavier','Dietrich','kub.bernard@example.net','1-052-938-2021x05748','2012-09-27 22:29:40','2014-12-21 12:37:48'),(53,'Elta','Conn','london.dooley@example.net','(417)386-7992x870','2016-05-16 12:10:26','2019-09-05 02:03:20'),(54,'Friedrich','McDermott','brody72@example.org','636-316-6003','2018-04-07 22:42:16','2020-04-02 20:24:41'),(55,'Ofelia','Reichert','runolfsson.lia@example.org','394.803.8319x2062','2019-11-18 05:05:59','2020-04-02 20:24:41'),(56,'Leanna','Grimes','dooley.jerad@example.com','+38(6)5581618328','2015-01-03 14:17:19','2016-08-23 08:14:15'),(57,'Arnaldo','Swaniawski','ruecker.amina@example.org','(393)424-1616','2017-12-14 23:58:17','2020-04-02 20:24:41'),(58,'Rahsaan','Fahey','morton14@example.org','457.325.6944x6754','2014-08-17 18:04:13','2020-04-02 20:24:41'),(59,'Antonio','Goodwin','garnet34@example.net','01303195284','2017-02-05 01:09:03','2020-04-02 20:24:41'),(60,'Elta','Hickle','gjohnson@example.com','(824)331-4116','2016-05-30 19:50:27','2020-04-02 20:24:41'),(61,'Lavinia','Hilll','towne.winnifred@example.com','(490)147-5963x4332','2012-06-06 02:51:48','2013-12-29 11:06:14'),(62,'Carli','Lockman','celia.weimann@example.com','498.108.1334','2017-01-02 00:57:54','2020-04-02 20:24:41'),(63,'Zora','Swift','brice.hamill@example.net','403-274-1007','2018-01-29 23:22:59','2020-04-02 20:24:41'),(64,'Ronaldo','Price','al59@example.com','00925906440','2015-03-25 05:22:48','2019-07-05 21:30:52'),(65,'Pete','Turner','raynor.liliana@example.net','817.458.5252','2017-11-10 14:32:01','2020-04-02 20:24:41'),(66,'Name','McKenzie','dejah.schaden@example.org','1-830-564-2776','2013-07-21 01:52:05','2016-08-01 21:09:27'),(67,'Damien','Hammes','predovic.demario@example.com','+64(0)6431508420','2019-12-30 21:00:12','2020-04-02 20:24:41'),(68,'Lambert','Christiansen','littel.leo@example.com','(754)352-0714x580','2019-11-12 08:33:53','2020-04-02 20:24:41'),(69,'Shannon','Flatley','gdietrich@example.net','1-170-408-6468','2013-11-29 20:27:20','2016-06-22 03:16:02'),(70,'Laverne','Bauch','amonahan@example.net','661.980.7674x762','2015-11-28 19:45:26','2017-09-07 23:29:15'),(71,'Meda','Becker','lmurazik@example.org','(252)782-8148x99477','2018-03-11 19:03:57','2018-06-09 16:15:08'),(72,'Gayle','Johns','mgrimes@example.net','+78(7)1860970630','2018-05-12 20:50:00','2018-09-19 11:49:21'),(73,'Duncan','Gibson','awaelchi@example.org','985.012.4441x2641','2020-03-21 00:33:10','2020-04-02 20:24:41'),(74,'Rey','Bins','gleichner.lea@example.com','009.997.2227','2012-06-29 22:05:38','2015-09-05 16:16:48'),(75,'Virginia','Nader','elvera.bahringer@example.org','(778)910-7780','2018-01-11 21:16:21','2019-11-03 20:03:59'),(76,'Nathen','Strosin','dicki.liliana@example.org','02520439979','2013-02-20 00:13:46','2018-12-22 22:32:31'),(77,'Maia','Renner','ckunze@example.net','(387)048-2261x282','2018-03-15 21:00:24','2020-02-11 22:12:35'),(78,'Gracie','Kreiger','gottlieb.talia@example.net','04299917516','2019-01-09 05:36:15','2020-04-02 20:24:41'),(79,'Aryanna','Donnelly','phammes@example.net','(327)496-0574x58381','2015-01-25 23:43:45','2017-04-14 21:40:36'),(80,'Desiree','Homenick','cdach@example.net','(388)601-9044x87911','2017-01-30 02:55:06','2019-09-01 06:27:17'),(81,'Vickie','Luettgen','magali12@example.org','+79(2)9443883466','2010-12-03 06:39:16','2019-01-19 09:01:15'),(82,'Blaze','Breitenberg','dbuckridge@example.org','535-934-6998x117','2015-02-19 16:21:56','2020-04-02 20:24:41'),(83,'Arlo','Pouros','lesley17@example.net','664-384-1467','2010-07-18 20:59:55','2011-06-04 14:36:07'),(84,'Einar','Wehner','mabelle74@example.net','782-209-0898x6365','2014-06-09 18:09:21','2020-04-02 20:24:41'),(85,'Lacy','Schowalter','mitchell.madison@example.com','986-247-4328x781','2011-05-01 17:51:36','2015-09-19 20:10:12'),(86,'Elton','Dare','theo65@example.net','1-520-248-3290','2010-06-10 08:17:14','2020-02-15 15:31:52'),(87,'Kavon','Fahey','lesch.nicolas@example.org','883-869-8081x0386','2011-01-21 16:01:20','2020-04-02 20:24:41'),(88,'Darron','Schoen','lenora.quitzon@example.org','558.956.8512x17716','2016-11-23 05:59:30','2020-04-02 20:24:41'),(89,'Alexandra','Parisian','haley.abdullah@example.net','(116)473-5748x223','2014-10-01 18:06:00','2020-04-02 20:24:41'),(90,'Kolby','Vandervort','swaters@example.org','761-039-6169x6252','2010-04-04 02:15:55','2010-12-11 03:45:02'),(91,'Marvin','Turner','hromaguera@example.org','952-594-3982x508','2010-04-26 08:18:11','2013-02-02 14:26:04'),(92,'Ward','Harvey','rippin.hershel@example.org','1-343-612-4053x944','2016-08-25 12:01:08','2020-04-02 20:24:41'),(93,'Kavon','Hauck','alexie82@example.org','238.203.9056x78037','2019-02-18 19:54:13','2020-04-02 20:24:41'),(94,'Alexys','Kessler','predovic.eugenia@example.net','467-663-2417','2011-02-04 06:06:52','2011-08-09 18:30:59'),(95,'Lesley','Murray','rick89@example.org','00750416448','2018-07-24 06:59:32','2020-04-02 20:24:41'),(96,'Lauretta','Ankunding','no\'kon@example.net','694-948-8336x56495','2015-05-13 11:54:29','2015-10-20 23:43:03'),(97,'Dorthy','Hodkiewicz','isabella.konopelski@example.com','673.209.8938','2013-02-02 21:33:16','2013-08-04 03:34:46'),(98,'Magali','Heaney','emery84@example.com','512.795.9171','2015-04-17 14:23:36','2017-04-12 04:36:12'),(99,'Elta','Gleichner','christiansen.modesta@example.net','1-016-589-8209x842','2018-01-25 11:42:42','2020-04-02 20:24:41'),(100,'Bailey','Swift','schoen.franz@example.org','558-576-0688x77059','2010-10-21 19:14:05','2013-05-31 21:24:47');
/*!40000 ALTER TABLE `users` ENABLE KEYS */;
UNLOCK TABLES;
/*!40103 SET TIME_ZONE=@OLD_TIME_ZONE */;

/*!40101 SET SQL_MODE=@OLD_SQL_MODE */;
/*!40014 SET FOREIGN_KEY_CHECKS=@OLD_FOREIGN_KEY_CHECKS */;
/*!40014 SET UNIQUE_CHECKS=@OLD_UNIQUE_CHECKS */;
/*!40101 SET CHARACTER_SET_CLIENT=@OLD_CHARACTER_SET_CLIENT */;
/*!40101 SET CHARACTER_SET_RESULTS=@OLD_CHARACTER_SET_RESULTS */;
/*!40101 SET COLLATION_CONNECTION=@OLD_COLLATION_CONNECTION */;
/*!40111 SET SQL_NOTES=@OLD_SQL_NOTES */;

-- Dump completed on 2020-04-02 21:13:00
